name,image_url
กุ้งเด้ง (ทรงเครื่อง) 200g.,https://popstarshops.com/assets/uploads/category-pork.webp
สามชั้นหมักงา แพ็ค 1 kg.(กล่อง 10 kg.) หมูสวรรค์,https://popstarshops.com/assets/uploads/category-pork.webp
หมูเด้ง (อารีย์) 500g.,https://popstarshops.com/assets/uploads/category-pork.webp
สามชั้นหมักนุ่ม แพ็ค 1 kg.(กล่อง 10 kg.)หมูสวรรค์,https://popstarshops.com/assets/uploads/category-pork.webp
หมูปิ้ง.POPSTAR (นมสด)(ไม้10บาท) แพ็ค52ไม้,https://popstarshops.com/assets/uploads/category-pork.webp
สามชั้นหมักงา SP แพ็ค 5กก.,https://popstarshops.com/assets/uploads/category-pork.webp
สามชั้นหมักนุ่ม SP แพ็ค 5กก.,https://popstarshops.com/assets/uploads/category-pork.webp
หมูหมักนุ่ม (A) SP แพ็ค 5กก.,https://popstarshops.com/assets/uploads/category-pork.webp
หมูหมักงา (A) SP แพ็ค 5กก.,https://popstarshops.com/assets/uploads/category-pork.webp
หมูหมักพริกไทยดำ (A) SP แพ็ค 5กก.,https://popstarshops.com/assets/uploads/category-pork.webp
หมูหมักน้ำผึ้ง (A) SP แพ็ค 5กก.,https://popstarshops.com/assets/uploads/category-pork.webp
สามชั้นหมักพริกไทยดำ SP แพ็ค 5กก.,https://popstarshops.com/assets/uploads/category-pork.webp
หมูหมักนุ่ม (อร่อย) แพ็ค 5กก.,https://popstarshops.com/assets/uploads/category-pork.webp
หมูหมักงา (อร่อย) แพ็ค 5กก.,https://popstarshops.com/assets/uploads/category-pork.webp
หมูหมักน้ำผึ้ง (อร่อย) แพ็ค 5กก.,https://popstarshops.com/assets/uploads/category-pork.webp
หมูหมักพริกไทยดำ(อร่อย) แพ็ค 5กก.,https://popstarshops.com/assets/uploads/category-pork.webp
สามชั้นหมักพริกไทยดำ (อร่อย) แพ็ค 5กก.,https://popstarshops.com/assets/uploads/category-pork.webp
สามชั้นหมักนุ่ม (อร่อย) แพ็ค 5กก.,https://popstarshops.com/assets/uploads/category-pork.webp
สามชั้นหมักงา (อร่อย) แพ็ค 5กก..,https://popstarshops.com/assets/uploads/category-pork.webp
หมูปิ้ง.ก๋งป๊อก (โบราณ)(ไม้10บาท) แพ็ค62ไม้,https://popstarshops.com/assets/uploads/category-pork.webp
หมูปิ้ง.ก๋งป๊อก (นมสด)(ไม้5บาท) แพ็ค104ไม้,https://popstarshops.com/assets/uploads/category-pork.webp
หมูปิ้งหมักนมเสียบไม้ 1250 g. เบทาโกร,https://popstarshops.com/assets/uploads/category-pork.webp
หมูปิ้ง.ATM (นมสด)(ไม้10บาท) 2.8kg แพ็ค52ไม้,https://popstarshops.com/assets/uploads/category-pork.webp
หมูปิ้ง.ATM (โบราณ)(ไม้5บาท) 1.2kg แพ็ค54ไม้,https://popstarshops.com/assets/uploads/category-pork.webp
ไก่บดภรฟูดส์ แพ็ค 1 kg.,https://popstarshops.com/assets/uploads/category-pork.webp
หมูหมักพริกไทยดำ แพ็ค 1 kg. (กล่อง10kg.) หมูสวรรค์,https://popstarshops.com/assets/uploads/category-pork.webp
หมูหมักนุ่ม แพ็ค 1 kg. (กล่อง10kg.) หมูสวรรค์,https://popstarshops.com/assets/uploads/category-pork.webp
หมูหมักน้ำผึ้ง แพ็ค 1 kg. (กล่อง10kg.) หมูสวรรค์,https://popstarshops.com/assets/uploads/category-pork.webp
สามชั้นหมักพริกไทยดำ แพ็ค 1 kg.(กล่อง 10 kg.)หมูสวรรค์,https://popstarshops.com/assets/uploads/category-pork.webp
หมูเด้ง (อารีย์) 200g.,https://popstarshops.com/assets/uploads/category-pork.webp
หมูหมักน้ำมันงา แพ็ค 1 kg. (กล่อง10kg.) หมูสวรรค์,https://popstarshops.com/assets/uploads/category-pork.webp
หมูกระทะชั่งกิโล.,https://popstarshops.com/assets/uploads/category-pork.webp
ไส้ตันใหญ่ (ลวก) ถุง5kg..,https://popstarshops.com/assets/uploads/category-pork.webp
ไส้ตันกลาง (ลวก) ถุง5kg.,https://popstarshops.com/assets/uploads/category-pork.webp
จี๊หมู (10kg.) กล่องขาว,https://popstarshops.com/assets/uploads/category-pork.webp
นมหมู ถุงใส,https://popstarshops.com/assets/uploads/category-pork.webp
สะโพกหมูถุงใส,https://popstarshops.com/assets/uploads/category-pork.webp
สามชั้นแผ่น (กล่อง) น้ำหนักข้างกล่อง,https://popstarshops.com/assets/uploads/category-pork.webp
ขาหมูขาหลัง เบทาโกร,https://popstarshops.com/assets/uploads/category-pork.webp
แก้มหมู แพ็ค 2กก. ถุง10กก.,https://popstarshops.com/assets/uploads/category-pork.webp
หนังหมู,https://popstarshops.com/assets/uploads/category-pork.webp
หนังหมูไทยน้ำหนักชั่งออก,https://popstarshops.com/assets/uploads/category-pork.webp
สันคอหมู เบทาโกร,https://popstarshops.com/assets/uploads/category-pork.webp
สันนอกหมู เบทาโกร,https://popstarshops.com/assets/uploads/category-pork.webp
ไส้ตันเล็ก (สด) กล่อง 10 kg.,https://popstarshops.com/assets/uploads/category-pork.webp
สามชั้นแผ่น เบทาโกร,https://popstarshops.com/assets/uploads/category-pork.webp
หูหมู,https://popstarshops.com/assets/uploads/category-pork.webp
สะโพกหมู เบทาโกร,https://popstarshops.com/assets/uploads/category-pork.webp
ไส้ตันกลาง (สด) กล่อง 10 kg.,https://popstarshops.com/assets/uploads/category-pork.webp
จมูกหมู ชั่งน้ำหนัก,https://popstarshops.com/assets/uploads/category-pork.webp
สะโพกหมู CP,https://popstarshops.com/assets/uploads/category-pork.webp
คอแร่หมู แพ็ค 1กก.,https://popstarshops.com/assets/uploads/category-pork.webp
คอหมูย่าง แพ็ค 1กก.,https://popstarshops.com/assets/uploads/category-pork.webp
คอต่อหมู แพ็ค 1กก.,https://popstarshops.com/assets/uploads/category-pork.webp
ไส้หวานหมู แพ็ค 1 kg.,https://popstarshops.com/assets/uploads/category-pork.webp
ขั้วตับหมู กล่อง15 kg.,https://popstarshops.com/assets/uploads/category-pork.webp
ไส้ใหญ่หมู แพ็ค2กก.,https://popstarshops.com/assets/uploads/category-pork.webp
จี๊หมู เบทาโกร,https://popstarshops.com/assets/uploads/category-pork.webp
ไส้ใหญ่หมู เบทาโกร แพ็ค 1 kg.,https://popstarshops.com/assets/uploads/category-pork.webp
แก้มหมู แพ็ค2กก.,https://popstarshops.com/assets/uploads/category-pork.webp
กระเพาะหมู เบทาโกร แพ็ค 1 kg.,https://popstarshops.com/assets/uploads/category-pork.webp
ขาหมูเยอรมัน เบทาโกร แพ็ค 700g,https://popstarshops.com/assets/uploads/category-pork.webp
เนื้อคางหมูติดมัน เบทาโกร,https://popstarshops.com/assets/uploads/category-pork.webp
เศษเนื้อหมู ชั่งน้ำหนัก,https://popstarshops.com/assets/uploads/category-pork.webp
คอต่อหมู แพ็ค2กก. 10กก.,https://popstarshops.com/assets/uploads/category-pork.webp
หน้ากากหมู เบทาโกร,https://popstarshops.com/assets/uploads/category-pork.webp
ตับหมู เบทาโกร แพ็ค 1 kg.,https://popstarshops.com/assets/uploads/category-pork.webp
จี๊หมู ชั่งน้ำหนัก,https://popstarshops.com/assets/uploads/category-pork.webp
หน้ากากหมู 5กก.,https://popstarshops.com/assets/uploads/category-pork.webp
ลิ้นหมู2กก. ถุง10กก.,https://popstarshops.com/assets/uploads/category-pork.webp
ตับหมู กล่องขาว,https://popstarshops.com/assets/uploads/category-pork.webp
หมูป่า แพ็ค 1กก.,https://popstarshops.com/assets/uploads/category-pork.webp
ลิ้นหมู ชั่ง กก,https://popstarshops.com/assets/uploads/category-pork.webp
**หัวไหล่หมูสด ชั่ง กก,https://popstarshops.com/assets/uploads/category-pork.webp
BB-B (บีบี-บล๊อค) ก้าวหน้า,https://popstarshops.com/assets/uploads/category-chicken.webp
ขาซีไก่ เบทาโกร แพ็ค 1 kg.,https://popstarshops.com/assets/uploads/category-chicken.webp
เนื้อสันในไก่,https://popstarshops.com/assets/uploads/category-chicken.webp
ปีกบน สหฟาร์ม ถุง 10 กก.,https://popstarshops.com/assets/uploads/category-chicken.webp
ถุงทอง ก้าวหน้า,https://popstarshops.com/assets/uploads/category-chicken.webp
ตับไก่ Silver ถุง 5 กก.,https://popstarshops.com/assets/uploads/category-chicken.webp
ปีกบนไก่ GF,https://popstarshops.com/assets/uploads/category-chicken.webp
กระดูกอ่อนไก่ ก้าวหน้า,https://popstarshops.com/assets/uploads/category-chicken.webp
เลือดไก่ ก้าวหน้า,https://popstarshops.com/assets/uploads/category-chicken.webp
ขาซีเล็ก ก้าวหน้า,https://popstarshops.com/assets/uploads/category-chicken.webp
ขาซีใหญ่ ก้าวหน้า,https://popstarshops.com/assets/uploads/category-chicken.webp
ปีกบน ก้าวหน้า,https://popstarshops.com/assets/uploads/category-chicken.webp
ปลายปีก/ปลายแหลม ก้าวหน้า,https://popstarshops.com/assets/uploads/category-chicken.webp
ตับไก่ล้วน ก้าวหน้า,https://popstarshops.com/assets/uploads/category-chicken.webp
เครื่องในผ่า ก้าวหน้า,https://popstarshops.com/assets/uploads/category-chicken.webp
โครงไก่ ก้าวหน้า,https://popstarshops.com/assets/uploads/category-chicken.webp
ข้อยาว ก้าวหน้า,https://popstarshops.com/assets/uploads/category-chicken.webp
BB (เนื้ออกไก่) ก้าวหน้า,https://popstarshops.com/assets/uploads/category-chicken.webp
เอ็นไก่ ก้าวหน้า,https://popstarshops.com/assets/uploads/category-chicken.webp
ปีกปลาย/ปีกตัด ก้าวหน้า,https://popstarshops.com/assets/uploads/category-chicken.webp
ปีกเต็ม ก้าวหน้า,https://popstarshops.com/assets/uploads/category-chicken.webp
หนังอกไก่ เบทาโกร แพ็ค 1 kg.,https://popstarshops.com/assets/uploads/category-chicken.webp
บั้นท้ายไก่ ก้าวหน้า,https://popstarshops.com/assets/uploads/category-chicken.webp
ขายำ,https://popstarshops.com/assets/uploads/category-chicken.webp
น่องติดสะโพกไก่ก้าวหน้า 10 kg.,https://popstarshops.com/assets/uploads/category-chicken.webp
เศษBL ก้าวหน้า,https://popstarshops.com/assets/uploads/category-chicken.webp
เครื่องในเม็ด ก้าวหน้า,https://popstarshops.com/assets/uploads/category-chicken.webp
อกไก่ เบทาโกร,https://popstarshops.com/assets/uploads/category-chicken.webp
อกไก่ CP,https://popstarshops.com/assets/uploads/category-chicken.webp
สันในไก่ เบทาโกร,https://popstarshops.com/assets/uploads/category-chicken.webp
ไก่แม่พันธ์ฟ้า,https://popstarshops.com/assets/uploads/category-chicken.webp
เศษBL แพ็ค2กก. กล่อง12kg.,https://popstarshops.com/assets/uploads/category-chicken.webp
ไก่NY 5ตัว,https://popstarshops.com/assets/uploads/category-chicken.webp
น่องติดสะโพก แพค 2 kg.,https://popstarshops.com/assets/uploads/category-chicken.webp
ปีกบนไก่ ซันฟูดส์ แพ็ค2kg.,https://popstarshops.com/assets/uploads/category-chicken.webp
น่องติดสะโพกไก่ CP,https://popstarshops.com/assets/uploads/category-chicken.webp
ปีกปลาย/ปีกตัด ก้าวหน้า,https://popstarshops.com/assets/uploads/category-chicken.webp
ขาซีไก่ ซันเเวลเล่ย์ แพ็ค 2 kg.,https://popstarshops.com/assets/uploads/category-chicken.webp
ขาซีไก่ กล่อง 15กก.,https://popstarshops.com/assets/uploads/category-chicken.webp
ขาซีใหญ่ ก้าวหน้า,https://popstarshops.com/assets/uploads/category-chicken.webp
เนื้อไก่ขูด ตราดาว แพ็ค 1 kg.,https://popstarshops.com/assets/uploads/category-chicken.webp
เนื้ออกไก่ ก้าวหน้า แพ็ค 1kg.,https://popstarshops.com/assets/uploads/category-chicken.webp
น่องติดสะโพกไก่ เบทาโกร,https://popstarshops.com/assets/uploads/category-chicken.webp
ข้อยาว ก้าวหน้า,https://popstarshops.com/assets/uploads/category-chicken.webp
เศษBL ก้าวหน้า,https://popstarshops.com/assets/uploads/category-chicken.webp
ไก่แม่พันธ์เหลือง,https://popstarshops.com/assets/uploads/category-chicken.webp
ไก่แม่พันธ์เขียว,https://popstarshops.com/assets/uploads/category-chicken.webp
ข้อยาวไก่ แพ็ค 2 kg.,https://popstarshops.com/assets/uploads/category-chicken.webp
โครงอก CP,https://popstarshops.com/assets/uploads/category-chicken.webp
เอ็นไก่ ก้าวหน้า แพ็ค 1kg.,https://popstarshops.com/assets/uploads/category-chicken.webp
พวงไข่แช่แข็ง ฟาร์มสุข แพ็ค 1 kg.,https://popstarshops.com/assets/uploads/category-chicken.webp
คอไก่ CP แพ็ค5kg.,https://popstarshops.com/assets/uploads/category-chicken.webp
อกไก่ สหฟาร์ม ถุง,https://popstarshops.com/assets/uploads/category-chicken.webp
บั้นท้ายไก่ฟรีส แพ็ค2กก.,https://popstarshops.com/assets/uploads/category-chicken.webp
หนังคอไก่ แพ็ค2กก.,https://popstarshops.com/assets/uploads/category-chicken.webp
ตับไก่ฟรีส แพ็ค 1 kg.,https://popstarshops.com/assets/uploads/category-chicken.webp
ไก่NY 7ตัว,https://popstarshops.com/assets/uploads/category-chicken.webp
ปีกบนไก่ ซันเเวลเล่ย์ แพ็ค 2 kg.,https://popstarshops.com/assets/uploads/category-chicken.webp
ไก่NY 8ตัว,https://popstarshops.com/assets/uploads/category-chicken.webp
กึ๋นไก่ ก้าวหน้า,https://popstarshops.com/assets/uploads/category-chicken.webp
ขาซีไก่ CP แพ็ค5kg.,https://popstarshops.com/assets/uploads/category-chicken.webp
ปลายปีกไก่/ปลายแหลม ซันเเวลเล่ย์ แพ็ค 2 kg.,https://popstarshops.com/assets/uploads/category-chicken.webp
หนังไก่ ซันเเวลเล่ย์ แพ็ค 2 kg.,https://popstarshops.com/assets/uploads/category-chicken.webp
เศษBL ซันเเวลเล่ย์ แพ็ค 2 kg.,https://popstarshops.com/assets/uploads/category-chicken.webp
ขาซีเล็กก้าวหน้า,https://popstarshops.com/assets/uploads/category-chicken.webp
น่องติดสะโพกไก่ แหลมทอง,https://popstarshops.com/assets/uploads/category-chicken.webp
ขายำ แพ็ค 1 kg.,https://popstarshops.com/assets/uploads/category-chicken.webp
กึ๋นไก่ ก้าวหน้า แพ็ค 1kg.,https://popstarshops.com/assets/uploads/category-chicken.webp
ปีกบนไก่ เบทาโกร แพ็ค 1 kg.,https://popstarshops.com/assets/uploads/category-chicken.webp
อกไก่ เบทาโกร แพ็ค 1 kg.,https://popstarshops.com/assets/uploads/category-chicken.webp
น่องติดสะโพกไทยฟูดส์,https://popstarshops.com/assets/uploads/category-chicken.webp
พวงไข่แช่แข็ง KCF แพ็ค 500g.,https://popstarshops.com/assets/uploads/category-chicken.webp
ปีกเต็มไก่ เบทาโกร,https://popstarshops.com/assets/uploads/category-chicken.webp
ไก่แม่พันธุ์แดง,https://popstarshops.com/assets/uploads/category-chicken.webp
หนังคอไก่ ถุง 5กก.,https://popstarshops.com/assets/uploads/category-chicken.webp
ถุงทอง ก้าวหน้า,https://popstarshops.com/assets/uploads/category-chicken.webp
ปีกเต็มไก่ เบทาโกร แพ็ค 1 kg.,https://popstarshops.com/assets/uploads/category-chicken.webp
ปีกบนไก่ เบทาโกร,https://popstarshops.com/assets/uploads/category-chicken.webp
บั้นท้ายไก่ เบทาโกร แพ็ค 1 kg.,https://popstarshops.com/assets/uploads/category-chicken.webp
อกไก่ ซันเเวลเล่ย์ แพ็ค 2 kg.,https://popstarshops.com/assets/uploads/category-chicken.webp
บั้นท้ายไก่ถุงใส แพ็ค 1 kg.,https://popstarshops.com/assets/uploads/category-chicken.webp
โครงไก่ เบทาโกร,https://popstarshops.com/assets/uploads/category-chicken.webp
ไก่แม่พันธ์ม่วง,https://popstarshops.com/assets/uploads/category-chicken.webp
ปีกบน ฟาร์มสุข,https://popstarshops.com/assets/uploads/category-chicken.webp
ตับไก่สหฟาร์ม,https://popstarshops.com/assets/uploads/category-chicken.webp
โครงไก่ คาร์กิลล์,https://popstarshops.com/assets/uploads/category-chicken.webp
ขาซีชำรุด ก้าวหน้า,https://popstarshops.com/assets/uploads/category-chicken.webp
ปีกบนไก่ CP,https://popstarshops.com/assets/uploads/category-chicken.webp
น่องติดสะโพกไก่ สหฟาร์ม,https://popstarshops.com/assets/uploads/category-chicken.webp
ไก่บด เพชรสุวรรณ แพ็ค 1 kg.,https://popstarshops.com/assets/uploads/category-chicken.webp
สันในไก่ ซันเเวลเล่ย์ แพ็ค 2 kg.,https://popstarshops.com/assets/uploads/category-chicken.webp
ไก่แดง POPSTAR,https://popstarshops.com/assets/uploads/category-chicken.webp
สันในไก่ CP,https://popstarshops.com/assets/uploads/category-chicken.webp
ตับไก่ฟรีส(ตับซีด) ก้าวหน้า,https://popstarshops.com/assets/uploads/category-chicken.webp
โครงท้าย CP,https://popstarshops.com/assets/uploads/category-chicken.webp
ปีกบนฟรีส ก้าวหน้า แพ็ค 2kg.กล่อง12kg.,https://popstarshops.com/assets/uploads/category-chicken.webp
ปีกบน คาร์กิลล์,https://popstarshops.com/assets/uploads/category-chicken.webp
ปีกบนชำรุด,https://popstarshops.com/assets/uploads/category-chicken.webp
ไก่ตัว มีหัวมีขา (ไก่ล้วง) ถุง10กก.,https://popstarshops.com/assets/uploads/category-chicken.webp
ปีกกลางไก่ ซันเเวลเล่ย์ แพ็ค 2 kg.,https://popstarshops.com/assets/uploads/category-chicken.webp
ปีกบน(ถุงใส) แพ็ค 1 kg.,https://popstarshops.com/assets/uploads/category-chicken.webp
กึ๋นไก่ ซันแวลเลย์ แพ็ค 1 kg.,https://popstarshops.com/assets/uploads/category-chicken.webp
สันในไก่ คาร์กิลล์,https://popstarshops.com/assets/uploads/category-chicken.webp
อกไก่ คาร์กิลล์,https://popstarshops.com/assets/uploads/category-chicken.webp
BL(K) คาร์กิลล์,https://popstarshops.com/assets/uploads/category-chicken.webp
BL(เบอร์#2) คาร์กิลล์,https://popstarshops.com/assets/uploads/category-chicken.webp
ปีกปลายไก่ เบทาโกร แพ็ค 2 kg.,https://popstarshops.com/assets/uploads/category-chicken.webp
ปีกบนไก่ CP แพ็ค 2 kg.,https://popstarshops.com/assets/uploads/category-chicken.webp
ปลาดุกหั่นชิ้นแพ็ค แพ็ค 1 kg.,https://popstarshops.com/assets/uploads/category-fish.webp
ท้องแซลม่อน แพ็ค 1 kg.,https://popstarshops.com/assets/uploads/category-fish.webp
"ปลาหางแข็ง ""6-8""",https://popstarshops.com/assets/uploads/category-fish.webp
"ปลาหางแข็ง ""5-6"" AAA",https://popstarshops.com/assets/uploads/category-fish.webp
"ปลาสีกุลเขียว ""10-12""",https://popstarshops.com/assets/uploads/category-fish.webp
ปลาซาบะ200/300,https://popstarshops.com/assets/uploads/category-fish.webp
ปลาดอลลี่ตัว กล่องขาว แพ็ค 1 kg.,https://popstarshops.com/assets/uploads/category-fish.webp
"ปลาหางแข็ง ""4-6""",https://popstarshops.com/assets/uploads/category-fish.webp
ปลาซาบะ 500/700,https://popstarshops.com/assets/uploads/category-fish.webp
ปลาทูอินเดีย 8/10( PRAVESH-ขาว) กล่อง10กก.,https://popstarshops.com/assets/uploads/category-fish.webp
ปลาซาบะ 400/600,https://popstarshops.com/assets/uploads/category-fish.webp
ปลาทูอินเดีย 6-8 Goan King,https://popstarshops.com/assets/uploads/category-fish.webp
ปลาทูอินเดีย 6-8 Indofresh,https://popstarshops.com/assets/uploads/category-fish.webp
เนื้อปลาบด 1000 กรัม,https://popstarshops.com/assets/uploads/category-fish.webp
ปลาทูอินเดีย 8-10 (IKA) กล่อง 10กก.,https://popstarshops.com/assets/uploads/category-fish.webp
ปลาทูอินเดีย 8-12 (Sea blue) กล่อง 10กก.,https://popstarshops.com/assets/uploads/category-fish.webp
ปลาทูอินเดีย 8-12 SEAMAC,https://popstarshops.com/assets/uploads/category-fish.webp
ปลาทูอินเดีย 12-15B EXCELLENT,https://popstarshops.com/assets/uploads/category-fish.webp
ปลาทูอินเดีย 8-12B (NAIK-ขาว) กล่อง 10กก.,https://popstarshops.com/assets/uploads/category-fish.webp
ปลาทูอินเดีย 8-10B (GoanKing) กล่อง 10กก.,https://popstarshops.com/assets/uploads/category-fish.webp
ปลาทูอินเดีย 8-10 Harbour กล่อง 10กก.,https://popstarshops.com/assets/uploads/category-fish.webp
ปลาทูโอมาน 3-5A กล่อง 10กก.,https://popstarshops.com/assets/uploads/category-fish.webp
ปลาทูอินเดีย 6-8 KAIKO,https://popstarshops.com/assets/uploads/category-fish.webp
ปลาทูอินเดีย 6-8 Kiwi,https://popstarshops.com/assets/uploads/category-fish.webp
ปลาทูอินเดีย 8-10 (Searulean),https://popstarshops.com/assets/uploads/category-fish.webp
ปลาทูอินเดีย 8-10 (DOSANI) กล่อง10kg.,https://popstarshops.com/assets/uploads/category-fish.webp
ปลาหางแข็ง,https://popstarshops.com/assets/uploads/category-fish.webp
ปลาสีกุล,https://popstarshops.com/assets/uploads/category-fish.webp
ปลาซาบะ น้ำหนักไม่เท่า,https://popstarshops.com/assets/uploads/category-fish.webp
ปลาดอลลี่ตัว 220up กล่องม่วง แพ็ค 1 kg.,https://popstarshops.com/assets/uploads/category-fish.webp
ปลาดอลลี่หั่นชิ้น แพ็ค 1 kg.,https://popstarshops.com/assets/uploads/category-fish.webp
ท้องแซลมอล แพ็ค 1 kg.,https://popstarshops.com/assets/uploads/category-fish.webp
หนวดหมึกเบบี๋,https://popstarshops.com/assets/uploads/category-seafood.webp
แมงกะพรุน,https://popstarshops.com/assets/uploads/category-seafood.webp
หางหมึกเปรู กระสอบ22.5 กก.,https://popstarshops.com/assets/uploads/category-seafood.webp
หางหมึกเปรู กระสอบ20 กก.,https://popstarshops.com/assets/uploads/category-seafood.webp
คอหมึกเปรู 100-300,https://popstarshops.com/assets/uploads/category-seafood.webp
หมึกมะเฟือง แพ็ค 1 kg.,https://popstarshops.com/assets/uploads/category-seafood.webp
หนวดหมึกเปรู,https://popstarshops.com/assets/uploads/category-seafood.webp
ปลายหนวดเรด้าแพ็ค 1 kg.,https://popstarshops.com/assets/uploads/category-seafood.webp
คอหมึก 500up,https://popstarshops.com/assets/uploads/category-seafood.webp
ปลาหมึกอาเจน 150/200 (SS) ชั่งน้ำหนัก,https://popstarshops.com/assets/uploads/category-seafood.webp
หัวหมึกเบบี๋ แพ็ค 1 kg.,https://popstarshops.com/assets/uploads/category-seafood.webp
ปลาหมึกอาเจน,https://popstarshops.com/assets/uploads/category-seafood.webp
"แมงกะพรุน แพ็ค 1,000g.",https://popstarshops.com/assets/uploads/category-seafood.webp
หมึกวงติดปีก แพ็ค 1 kg.,https://popstarshops.com/assets/uploads/category-seafood.webp
คอหมึกติดเอ็นแก้ว แพ็ค 1 kg.,https://popstarshops.com/assets/uploads/category-seafood.webp
หมึกดำ 300/500,https://popstarshops.com/assets/uploads/category-seafood.webp
ไข่หมึกตราดาว แพ็ค 1 kg.,https://popstarshops.com/assets/uploads/category-seafood.webp
หมึกสาย,https://popstarshops.com/assets/uploads/category-seafood.webp
ไข่หมึกขาวอาเจนแท้ แพ็ค 1กก.,https://popstarshops.com/assets/uploads/category-seafood.webp
หมึกดำ 100/300,https://popstarshops.com/assets/uploads/category-seafood.webp
คอหมึกจีน กระสอบขาวล้วน 20 กก.,https://popstarshops.com/assets/uploads/category-seafood.webp
ปลาหมึกอาเจน ถุงใส (S) ชั่งน้ำหนัก,https://popstarshops.com/assets/uploads/category-seafood.webp
คอหมึกเปรู 500up,https://popstarshops.com/assets/uploads/category-seafood.webp
แมงกะพรุน (ขาล้วน) ถัง 20กก.,https://popstarshops.com/assets/uploads/category-seafood.webp
หมึกกล้วยลอก แพ็ค 1 kg.,https://popstarshops.com/assets/uploads/category-seafood.webp
คอหมึกเปรู 300/500,https://popstarshops.com/assets/uploads/category-seafood.webp
คอหมึกเปรู 1000up กระสอบ20กก.,https://popstarshops.com/assets/uploads/category-seafood.webp
หมึกกระดองลอก Size 20/40 แพ็ค 1 kg.,https://popstarshops.com/assets/uploads/category-seafood.webp
หมึกกล้วย IQF แพ็ค 1 kg.,https://popstarshops.com/assets/uploads/category-seafood.webp
หัวหมึกกระดองโบ้ Size 200/300,https://popstarshops.com/assets/uploads/category-seafood.webp
หมึกเจาะ 20/30 แพ็ค 1 kg.,https://popstarshops.com/assets/uploads/category-seafood.webp
หมึกอาเจนเปรู,https://popstarshops.com/assets/uploads/category-seafood.webp
คอหมึกเปรู 50/250 Comex,https://popstarshops.com/assets/uploads/category-seafood.webp
หางหมึกเปรู,https://popstarshops.com/assets/uploads/category-seafood.webp
ปลาหมึกอาเจน 180/200 (S) ชั่งน้ำหนัก,https://popstarshops.com/assets/uploads/category-seafood.webp
ไข่หมึกแท้ แพ็ค 1 kg.,https://popstarshops.com/assets/uploads/category-seafood.webp
ปลาหมึกอาเจน 200/300 Argenova(สติ๊กเกอร์ฟ้า) ชั่งน้ำหนัก,https://popstarshops.com/assets/uploads/category-seafood.webp
ปลาหมึกอาเจน ตักล่ะ 99 บาท,https://popstarshops.com/assets/uploads/category-seafood.webp
หมึกวงติดหนัง แพ็ค 1 kg.,https://popstarshops.com/assets/uploads/category-seafood.webp
หมึกดอกไม้ แพ็ค 1 kg.,https://popstarshops.com/assets/uploads/category-seafood.webp
บั้งสับปะรด AAA 1 kg.,https://popstarshops.com/assets/uploads/category-seafood.webp
หนวดหมึกตัดหั่นชิ้น แพ็ค 1 kg.,https://popstarshops.com/assets/uploads/category-seafood.webp
หมึกกรอบตัว ถุง 5กก.,https://popstarshops.com/assets/uploads/category-seafood.webp
คอหมึกเปรูชั่งน้ำหนัก,https://popstarshops.com/assets/uploads/category-seafood.webp
หมึกอาเจน,https://popstarshops.com/assets/uploads/category-seafood.webp
กุ้งขาวแกะเปลือกไว้หาง 51-60 แพ็ค 1kg.,https://popstarshops.com/assets/uploads/category-seafood.webp
หอยเชลล์ฝาเดียว แพ็ค 1 kg.,https://popstarshops.com/assets/uploads/category-seafood.webp
หอยหวาน Size 30/50 แพ็ค 2 kg.,https://popstarshops.com/assets/uploads/category-seafood.webp
เนื้อหอยแมลงภู่ชิลี แพ็ค 1 kg.,https://popstarshops.com/assets/uploads/category-seafood.webp
เนื้อหอยเชลล์ แพ็ค 1 kg.,https://popstarshops.com/assets/uploads/category-seafood.webp
หอยแมลงภู่ชิลีฝาเดียว(เฮงเฮงเฮง) แพ็ค 1 kg.,https://popstarshops.com/assets/uploads/category-seafood.webp
หอยอบไทย แพ็ค 500g.,https://popstarshops.com/assets/uploads/category-seafood.webp
หอยหวาน,https://popstarshops.com/assets/uploads/category-seafood.webp
ปากหนาม AF กล่อง 12 kg.,https://popstarshops.com/assets/uploads/category-beef.webp
สันคอวัว,https://popstarshops.com/assets/uploads/category-beef.webp
ต้มรวมวัว Sanmatin,https://popstarshops.com/assets/uploads/category-beef.webp
ปากหนาม,https://popstarshops.com/assets/uploads/category-beef.webp
ไส้มะเฟือง น้ำหนักข้างกล่อง,https://popstarshops.com/assets/uploads/category-beef.webp
ต้มรวมวัว Carnic,https://popstarshops.com/assets/uploads/category-beef.webp
ปอดวัว,https://popstarshops.com/assets/uploads/category-beef.webp
เอ็นแก้ววัว,https://popstarshops.com/assets/uploads/category-beef.webp
ดีวัว,https://popstarshops.com/assets/uploads/category-beef.webp
เนื้อสะโพกวัว (สด) น้ำหนักชั่ง,https://popstarshops.com/assets/uploads/category-beef.webp
เนื้อลูกมะพร้าว No.42,https://popstarshops.com/assets/uploads/category-beef.webp
เนื้อสันแหลม No.67,https://popstarshops.com/assets/uploads/category-beef.webp
ดีวัว No.94 กล่อง 20 kg.,https://popstarshops.com/assets/uploads/category-beef.webp
ม้ามวัว,https://popstarshops.com/assets/uploads/category-beef.webp
ตับวัว ชั่งน้ำหนัก,https://popstarshops.com/assets/uploads/category-beef.webp
ลิ้นวัวแช่แข็ง ชั่งน้ำหนัก,https://popstarshops.com/assets/uploads/category-beef.webp
ดีวัว Devesa,https://popstarshops.com/assets/uploads/category-beef.webp
ม้ามวัว กล่อง 16 กก.,https://popstarshops.com/assets/uploads/category-beef.webp
เนื้อวัวรวม (สด) น้ำหนักชั่ง,https://popstarshops.com/assets/uploads/category-beef.webp
เครื่องในรวมวัว(สด) น้ำหนักชั่ง,https://popstarshops.com/assets/uploads/category-beef.webp
เศษเนื้อวัว (สด) น้ำหนักชั่ง,https://popstarshops.com/assets/uploads/category-beef.webp
ไส้มะเฟืองวัว,https://popstarshops.com/assets/uploads/category-beef.webp
เศษมัน (วัว) น้ำหนักชั่ง,https://popstarshops.com/assets/uploads/category-beef.webp
เสือร้องไห้โคขุนกระทะ 160g.,https://popstarshops.com/assets/uploads/category-beef.webp
เนื้อสามชั้นโคขุนกระทะ 160g.,https://popstarshops.com/assets/uploads/category-beef.webp
เนื้อโคขุนสไลด์ชาบูแบบยาว 160g.,https://popstarshops.com/assets/uploads/category-beef.webp
เนื้อโคขุนสามชั้นสไลด์ชาบู 160g.,https://popstarshops.com/assets/uploads/category-beef.webp
เนื้อโคขุนบดA 200g.,https://popstarshops.com/assets/uploads/category-beef.webp
เอ็นแก้ววัว KILCOY,https://popstarshops.com/assets/uploads/category-beef.webp
สไบนาง ถุง,https://popstarshops.com/assets/uploads/category-beef.webp
ไส่อ่อนวัว น้ำหนักชั่งที่จุดขาย,https://popstarshops.com/assets/uploads/category-beef.webp
เนื้อคอวัว,https://popstarshops.com/assets/uploads/category-beef.webp
ปูม้าตัดแต่ง แพ็ค 500g.,https://popstarshops.com/assets/uploads/category-seafood.webp
ปูม้า50/80 (8 Kg.) Female,https://popstarshops.com/assets/uploads/category-seafood.webp
ปูม้า 100/150 Jarada (8 kg.) Femle,https://popstarshops.com/assets/uploads/category-seafood.webp
ปูม้า 100/150 Blue crab (8 kg.) Male,https://popstarshops.com/assets/uploads/category-seafood.webp
ปูม้า 100/150 (8 kg.) Male,https://popstarshops.com/assets/uploads/category-seafood.webp
ปูม้า 150/200 Blue crab (8 Kg.) Femle,https://popstarshops.com/assets/uploads/category-seafood.webp
ปูม้า 80/100 (8 Kg.) Femle,https://popstarshops.com/assets/uploads/category-seafood.webp
ปูม้า (ตัว) 100/150,https://popstarshops.com/assets/uploads/category-seafood.webp
ปูม้า 50/80 (12 kg.)Femle,https://popstarshops.com/assets/uploads/category-seafood.webp
ปูม้า 50/80 Jarada (8 kg.) Male,https://popstarshops.com/assets/uploads/category-seafood.webp
ปูม้า (ตัว) 50/80,https://popstarshops.com/assets/uploads/category-seafood.webp
ปูม้า 80/100 Blue crab (8 kg.) Femle,https://popstarshops.com/assets/uploads/category-seafood.webp
ปูจุด 100/150 Evergreen (8 kg.) Femle,https://popstarshops.com/assets/uploads/category-seafood.webp
ปูม้า 80/100 Bahrain (8 kg.) Femle,https://popstarshops.com/assets/uploads/category-seafood.webp
ปูจุด 80/100 Blue marine (8 kg.) Male,https://popstarshops.com/assets/uploads/category-seafood.webp
ปูจุด 100/150 Blue marine (8 kg.) Male,https://popstarshops.com/assets/uploads/category-seafood.webp
ปูม้าอินโด 80/100,https://popstarshops.com/assets/uploads/category-seafood.webp
เนื้อเป็ดบด BK แพ็ค 1 kg.,https://popstarshops.com/assets/uploads/category-chicken.webp
เป็ดเชอรี่ size M (BK) ชั่งน้ำหนัก,https://popstarshops.com/assets/uploads/category-chicken.webp
ปากเป็ด BK แพ็ค 1 kg.,https://popstarshops.com/assets/uploads/category-chicken.webp
บั้นท้ายเป็ด BK แพ็ค 1 kg.,https://popstarshops.com/assets/uploads/category-chicken.webp
ขาเป็ด BK แพ็ค 1 kg.,https://popstarshops.com/assets/uploads/category-chicken.webp
ปีกปลายเป็ด BK แพ็ค 1 kg.,https://popstarshops.com/assets/uploads/category-chicken.webp
มันหนังเป็ด BK แพ็ค 1 kg.,https://popstarshops.com/assets/uploads/category-chicken.webp
เศษเนื้อเป็ด#2 BK แพ็ค 1 kg.,https://popstarshops.com/assets/uploads/category-chicken.webp
เครื่องในเป็ด BK แพ็ค 1 kg.,https://popstarshops.com/assets/uploads/category-chicken.webp
คอเป็ด BK แพ็ค 2 kg.,https://popstarshops.com/assets/uploads/category-chicken.webp
ปีกบนเป็ด BK แพ็ค 1 kg.,https://popstarshops.com/assets/uploads/category-chicken.webp
เนื้ออกเป็ด BK แพ็ค 1 kg.,https://popstarshops.com/assets/uploads/category-chicken.webp
กึ๋นเป็ด DK แพ็ค 1 kg.,https://popstarshops.com/assets/uploads/category-chicken.webp
ไส้ล้างเป็ด BK แพ็ค 1 kg.,https://popstarshops.com/assets/uploads/category-chicken.webp
กึ๋นเป็ด BK แพ็ค 1 kg.,https://popstarshops.com/assets/uploads/category-chicken.webp
เป็ดเชอรี่ size S (BK) ชั่งน้ำหนัก,https://popstarshops.com/assets/uploads/category-chicken.webp
เป็ดเชอรี่ size XL (BK) ชั่งน้ำหนัก,https://popstarshops.com/assets/uploads/category-chicken.webp
เป็ดเชอรี่ size MM (BK) ชั่งน้ำหนัก,https://popstarshops.com/assets/uploads/category-chicken.webp
เป็ดเชอรี่ size L (BK) ชั่งน้ำหนัก,https://popstarshops.com/assets/uploads/category-chicken.webp
เป็ดตัว M เบทาโกร,https://popstarshops.com/assets/uploads/category-chicken.webp
ปีกปลายเป็ด เบทาโกร แพ็ค 1 kg.,https://popstarshops.com/assets/uploads/category-chicken.webp
หมูบดA ถุงดำ,https://popstarshops.com/assets/uploads/category-pork.webp
สะโพกหมูสไลด์สไลด์ ชั่งน้ำหนัก,https://popstarshops.com/assets/uploads/category-pork.webp
หมูบดกล่อง (Pop Star) แพ็ค 1 kg.,https://popstarshops.com/assets/uploads/category-pork.webp
หมูบดอนามัย ภรฟู๊ด แพ็ค 1กก.,https://popstarshops.com/assets/uploads/category-pork.webp
หมูบดอนามัย POPSTAR แพ็ค 1กก.,https://popstarshops.com/assets/uploads/category-pork.webp
หนังหมูหั่น แพ็ค 1กก.,https://popstarshops.com/assets/uploads/category-pork.webp
ชาบูกลมติดหนัง แพ็ค 1 kg.,https://popstarshops.com/assets/uploads/category-pork.webp
หมูหั่นแกง แพ็ค 1 kg. (หิ้ว 5 kg.) หมูสวรรค์,https://popstarshops.com/assets/uploads/category-pork.webp
ชาบูกลมไม่ติดหนัง แพ็ค 1 kg.,https://popstarshops.com/assets/uploads/category-pork.webp
หมูบด Aถุงดำ แพ็ค 1กก.,https://popstarshops.com/assets/uploads/category-pork.webp
ชาบูหมูอร่อย แพ็ค 1กก.,https://popstarshops.com/assets/uploads/category-pork.webp
ชาบู หมูสวรรค์ แพ็ค 1 kg.,https://popstarshops.com/assets/uploads/category-pork.webp
เบคอนรมควัน A แพ็ค 500g.,https://popstarshops.com/assets/uploads/category-pork.webp
หมูบด อิสาน แพ็ค 1 kg.,https://popstarshops.com/assets/uploads/category-pork.webp
สองชั้นลอกหนังสไลด์ (อร่อย) แพ็ค1กก.,https://popstarshops.com/assets/uploads/category-pork.webp
สามชั้นสไลด์แผ่น (อร่อย) แพ็ค1กก.,https://popstarshops.com/assets/uploads/category-pork.webp
หมูหั่นแกง(ถุงแดง) แพ็ค 1 kg.,https://popstarshops.com/assets/uploads/category-pork.webp
สะโพกหมูสไลด์ เบทาโกร แพ็ค 1 kg.,https://popstarshops.com/assets/uploads/category-pork.webp
หนังหมูกรอบ รสคลาสสิค 14g (ตราฮาวดี้),https://popstarshops.com/assets/uploads/category-pork.webp
หนังหมูกรอบ รสไลม์ 14g (ตราฮาวดี้),https://popstarshops.com/assets/uploads/category-pork.webp
แคบหมูไร้มัน รสอูมามิ 10g (ตรานิชา),https://popstarshops.com/assets/uploads/category-pork.webp
แคบหมูไร้มัน รสออริจินอล 10g (ตรานิชา) (12ซอง/แพ็ค*5แพ็ค/ลัง,https://popstarshops.com/assets/uploads/category-pork.webp
หมูปิ้ง.ฟาร์มฟู้ด (ไม้10บาท) ออริจินอล แพ็ค50ไม้,https://popstarshops.com/assets/uploads/category-pork.webp
หมูปิ้ง.มีโชค (นมสด),https://popstarshops.com/assets/uploads/category-pork.webp
หมูปิ้ง.มีโชค (โบราณ),https://popstarshops.com/assets/uploads/category-pork.webp
หมูปิ้ง.หมูอร่อย (โบราณ),https://popstarshops.com/assets/uploads/category-pork.webp
หมูปิ้ง.หมูอร่อย (นมสด),https://popstarshops.com/assets/uploads/category-pork.webp
สามชั้นสไลด์ 2แถว3แถว 1000กรัม,https://popstarshops.com/assets/uploads/category-pork.webp
ยออุบล(ยาว) ก้าวหน้า 800g. (20เส้น/หิ้ว),https://popstarshops.com/assets/uploads/category-snack.webp
"ไก่ยอฟ้า ก้าวหน้า 1,000g.",https://popstarshops.com/assets/uploads/category-snack.webp
ยออุบล(สั้น) ก้าวหน้า 200g. (10แพ็ค/หิ้ว),https://popstarshops.com/assets/uploads/category-snack.webp
ไก่หนังกรอบไบท์ซีรี่ Top GP แพ็ค 900g.,https://popstarshops.com/assets/uploads/category-snack.webp
หมูยออุบล TKF,https://popstarshops.com/assets/uploads/category-snack.webp
ลูกชิ้นหมูกลาง TKF,https://popstarshops.com/assets/uploads/category-snack.webp
ลูกชิ้นเนื้อกลาง TKF แพ็ค 1 kg.,https://popstarshops.com/assets/uploads/category-snack.webp
แหนมปลากราย TKF แพ็ค 500g.,https://popstarshops.com/assets/uploads/category-snack.webp
แหนมหมูย่าง TKF แพ็ค 500g.,https://popstarshops.com/assets/uploads/category-snack.webp
ฮอทจัมโบ้ TKF แพ็ค 1 kg.,https://popstarshops.com/assets/uploads/category-snack.webp
ลูกชิ้นหมูจัมโบ้ TKF แพ็ค 1 kg.,https://popstarshops.com/assets/uploads/category-snack.webp
ลูกชิ้นเนื้อจัมโบ้ TKF แพ็ค 1 kg.,https://popstarshops.com/assets/uploads/category-snack.webp
ลูกชิ้นหมู TKF แพ็ค 500g.,https://popstarshops.com/assets/uploads/category-snack.webp
"ลูกชิ้นปลากลม แพ็ค 1,000g.",https://popstarshops.com/assets/uploads/category-snack.webp
ลูกชิ้นเอ็นหมู TKF แพ็ค 1 kg.,https://popstarshops.com/assets/uploads/category-snack.webp
ลูกชิ้นเอ็นเนื้อ TKF แพ็ค 1 kg.,https://popstarshops.com/assets/uploads/category-snack.webp
"ลูกชิ้นปลาปอง แพ็ค 1,000g.",https://popstarshops.com/assets/uploads/category-snack.webp
เวียนนา ก้าวหน้า แพ็ค 1kg.,https://popstarshops.com/assets/uploads/category-snack.webp
หมูยอแผ่น โชคทวี แพ็ค 500g.,https://popstarshops.com/assets/uploads/category-snack.webp
ลูกชิ้นเอ็นไก่A ก้าวหน้า แพ็ค 1kg.,https://popstarshops.com/assets/uploads/category-snack.webp
ลูกชิ้นเอ็นไก่ธรรมดา ก้าวหน้า แพ็ค 1kg.,https://popstarshops.com/assets/uploads/category-snack.webp
ลูกชิ้นปลาบัวลอย 9ดาว 500 กรัม,https://popstarshops.com/assets/uploads/category-snack.webp
ลูกชิ้นปลาบัวลอย แพ็ค 500g.,https://popstarshops.com/assets/uploads/category-snack.webp
จัมโบ้แดงบีฟู้ดส์ เบทาโกร แพ็ค 1 kg.,https://popstarshops.com/assets/uploads/category-snack.webp
จ๊อไก่สาหร่าย โชคทวี แพ็ค 1 kg.,https://popstarshops.com/assets/uploads/category-snack.webp
ฮอทวุ้นเส้น ก้าวหน้า แพ็ค 1kg.,https://popstarshops.com/assets/uploads/category-snack.webp
หมูยอแท่ง โชคทวี แพ็ค 500g.,https://popstarshops.com/assets/uploads/category-snack.webp
ลูกชิ้นปลาระเบิดแหลม แพ็ค 1 kg.,https://popstarshops.com/assets/uploads/category-snack.webp
ลูกชิ้นปลาระเบิดกลม แพ็ค 1 kg.,https://popstarshops.com/assets/uploads/category-snack.webp
จัมโบ้รมควัน 12ชิ้น แหลมทอง แพ็ค 1 kg.,https://popstarshops.com/assets/uploads/category-snack.webp
ลูกชิ้นแฟนซีรักบี้ เบทาโกร แพ็ค 500g,https://popstarshops.com/assets/uploads/category-snack.webp
ลูกชิ้นหมู โกรวย แพ็ค 500g.,https://popstarshops.com/assets/uploads/category-snack.webp
ลูกชิ้นเนื้อ โกรวย แพ็ค 500g.,https://popstarshops.com/assets/uploads/category-snack.webp
ปลาส้มตะเพียน ขนาด 490กรัม,https://popstarshops.com/assets/uploads/category-snack.webp
ลูกชิ้นหมู มีสนั่น(น้ำเงิน) แพ็ค 1 kg.,https://popstarshops.com/assets/uploads/category-snack.webp
ลูกชิ้นเนื้อ มีสนั่น(แดง) แพ็ค 1 kg.,https://popstarshops.com/assets/uploads/category-snack.webp
ลูกชิ้นเอ็นเนื้อ มีสนั่น(เขียว) แพ็ค 1 kg.,https://popstarshops.com/assets/uploads/category-snack.webp
เซดดาร์ชีส-ฮอทดอก 21ชิ้น แหลมทอง แพ็ค 600g.,https://popstarshops.com/assets/uploads/category-snack.webp
โบโลน่าทอดมัน แหลมทอง แพ็ค 1 kg.,https://popstarshops.com/assets/uploads/category-snack.webp
ไส้กรอกค็อกเทลไก่ แหลมทอง แพ็ค 1 kg.,https://popstarshops.com/assets/uploads/category-snack.webp
ไส้กรอกแดงเวียนเนอร์ แหลมทอง แพ็ค 1 kg.,https://popstarshops.com/assets/uploads/category-snack.webp
ไส้กรอกแฟรงค์เฟอร์เตอร์ แหลมทอง แพ็ค 400g.,https://popstarshops.com/assets/uploads/category-snack.webp
ลูกชิ้นหมูกลาง(ส้ม) เพชรสุวรรณ แพ็ค 1 kg.,https://popstarshops.com/assets/uploads/category-snack.webp
ลูกชิ้นเนื้อกลาง(เขียว) เพชรสุวรรณ แพ็ค 1 kg.,https://popstarshops.com/assets/uploads/category-snack.webp
ปลาระเบิดกลม แดง,https://popstarshops.com/assets/uploads/category-snack.webp
ไส้กรอกแฟรงค์โกลด์ ฟาร์มสุข แพ็ค 577g.,https://popstarshops.com/assets/uploads/category-snack.webp
ไส้กรอกไก่ฮอทสตาร์ ชิกกี้ แหลมทอง แพ็ค 1 kg.,https://popstarshops.com/assets/uploads/category-snack.webp
ลูกชิ้นปลากลม แพ็ค 500g.,https://popstarshops.com/assets/uploads/category-snack.webp
ไส้กรอกอั่วหมู พี-พ็อค แพ็ค 500g,https://popstarshops.com/assets/uploads/category-snack.webp
ไส้อั่วสมุนไพร เจริญศรี แพ็ค 225g,https://popstarshops.com/assets/uploads/category-snack.webp
ไส้กรอกอีสานค็อกเทล เจริญศรี แพ็ค 1 kg.,https://popstarshops.com/assets/uploads/category-snack.webp
ไส้กรอกอีสานมินิค็อกเทล เจริญศรี แพ็ค 1 kg.,https://popstarshops.com/assets/uploads/category-snack.webp
ชิคเก้นนิวออลีนสไลด์ แพ็ค 500g.,https://popstarshops.com/assets/uploads/category-snack.webp
ไก่กระเทียม TKF แพ็ค 400g.,https://popstarshops.com/assets/uploads/category-snack.webp
ฮอทดอกนมหนังกรอบ แหลมทอง แพ็ค 500g.,https://popstarshops.com/assets/uploads/category-snack.webp
ยออุบล(แผ่น) ก้าวหน้า แพ็ค 1 kg. (10แพ็ค/หิ้ว),https://popstarshops.com/assets/uploads/category-snack.webp
ไส้กรอกสอดไส้ชีส ฟาร์มสุข แพ็ค 500 g.,https://popstarshops.com/assets/uploads/category-snack.webp
ค๊อกเทลเนย ก้าวหน้า แพ็ค 1kg.,https://popstarshops.com/assets/uploads/category-snack.webp
จัมโบ้แดง ฟาร์มสุข แพ็ค 1 kg.,https://popstarshops.com/assets/uploads/category-snack.webp
ไส้กรอกรมควันหนังกรอบ ฟาร์มสุข แพ็ค 1 kg.,https://popstarshops.com/assets/uploads/category-snack.webp
"ไส้กรอกสโมคกี้อร่อย ฟาร์มสุข แพ็ค 1,000g.",https://popstarshops.com/assets/uploads/category-snack.webp
ไส้กรอกสโมกกี้อร่อย ฟาร์มสุข แพ็ค 500g.,https://popstarshops.com/assets/uploads/category-snack.webp
"ไก่ยอใหญ่สไลด์พริก ฟาร์มสุข แพ็ค 1,060g.",https://popstarshops.com/assets/uploads/category-snack.webp
ค๊อกเทลแดง ก้าวหน้า แพ็ค 1kg.,https://popstarshops.com/assets/uploads/category-snack.webp
รมควันเน็ตเวิร์ค ก้าวหน้า แพ็ค 1kg.,https://popstarshops.com/assets/uploads/category-snack.webp
"ไก่ยอบันไซ ก้าวหน้า 1,000g.",https://popstarshops.com/assets/uploads/category-snack.webp
ตอปิโด ก้าวหน้า แพ็ค 1kg.,https://popstarshops.com/assets/uploads/category-snack.webp
เต้าหู้ไข่ CP 120g,https://popstarshops.com/assets/uploads/category-snack.webp
ไส้กรอกเนย ก้าวหน้า แพ็ค 1kg.,https://popstarshops.com/assets/uploads/category-snack.webp
เต้าหู้ไข่ เบทาโกร 120g,https://popstarshops.com/assets/uploads/category-snack.webp
ไส้กรอกหนังบางกรอบ เบทาโกร แพ็ค 500g,https://popstarshops.com/assets/uploads/category-snack.webp
ลูกชิ้นหมูรสเอก เบทาโกร แพ็ค 500g.,https://popstarshops.com/assets/uploads/category-snack.webp
ไส้กรอกบิ๊กไปท์บีฟู้ดส์ เบทาโกร แพ็ค 420g,https://popstarshops.com/assets/uploads/category-snack.webp
ฮอท2บาท ก้าวหน้า แพ็ค 1kg.,https://popstarshops.com/assets/uploads/category-snack.webp
ไส้กรอกไก่ชีสเนย KFM แพ็ค 900g.,https://popstarshops.com/assets/uploads/category-snack.webp
ไส้กรอกไก่รสปลาหมึก KFM แพ็ค 900g.,https://popstarshops.com/assets/uploads/category-snack.webp
แฟรงค์รมควันหนังกรอบ(โบราณ) ตรา PBM แพ็ค1000กรัม หิ้ว5แพ็ค,https://popstarshops.com/assets/uploads/category-snack.webp
ไส้กรอกแฟรงค์โกลด์ พี-พ็อค แพ็ค 500g.,https://popstarshops.com/assets/uploads/category-snack.webp
กุนเชียงพรพิชิต (ยาว) แพ็ค 500g.,https://popstarshops.com/assets/uploads/category-snack.webp
เบคอนพันไส้กรอก แพ็ค 300g.,https://popstarshops.com/assets/uploads/category-snack.webp
กุนเชียงพรพิชิต (สั้น) แพ็ค 500g.,https://popstarshops.com/assets/uploads/category-snack.webp
จัมโบ้แฟรงค์รมควันหนังกรอบ(โบราณ) ตรา PBM แพ็ค1000กรัม หิ้ว5,https://popstarshops.com/assets/uploads/category-snack.webp
ไส้กรอกไก่รสปูอบวุ้นเส้น แพ็ค 1 kg.,https://popstarshops.com/assets/uploads/category-snack.webp
ไส้กรอกไก่ชีสเนย ฟาร์มสุข แพ็ค 1 kg.,https://popstarshops.com/assets/uploads/category-snack.webp
ปลาเส้นเซี่ยงไฮ้ แพ็ค 1 kg.,https://popstarshops.com/assets/uploads/category-snack.webp
ไส้กรอกซิกเนเจอร์ แพ็ค 1 kg.,https://popstarshops.com/assets/uploads/category-snack.webp
เต้าหู้ปลาแผ่น กุนซือ แพ็ค 500g.,https://popstarshops.com/assets/uploads/category-snack.webp
เต้าหู้ปลาลูกเต๋า กุนซือ แพ็ค 500g.,https://popstarshops.com/assets/uploads/category-snack.webp
ไส้กรอกฮอทดอกแดง ไทยสตาร์ แพ็ค 1 kg.,https://popstarshops.com/assets/uploads/category-snack.webp
ฮอทดอกนม วนิลลา KFM แพ็ค 1 kg.,https://popstarshops.com/assets/uploads/category-snack.webp
ปลาเส้น มหาชัย แพ็ค 1 kg.,https://popstarshops.com/assets/uploads/category-snack.webp
ชีส สเปเชี่ยล Top GP แพ็ค 900g.,https://popstarshops.com/assets/uploads/category-snack.webp
ปลาหมึกย่าง สควิตตี้ Top GP แพ็ค 900g.,https://popstarshops.com/assets/uploads/category-snack.webp
ชีสเนย Top GP แพ็ค 900g.,https://popstarshops.com/assets/uploads/category-snack.webp
แหนมหมูย่าง ม.ขอนแก่น Top GP แพ็ค 450g.,https://popstarshops.com/assets/uploads/category-snack.webp
กุ้งพันสาหร่าย Top GP แพ็ค 400g.,https://popstarshops.com/assets/uploads/category-snack.webp
หมูยออุบล (พริกไทยดำเขียว) แท่งใหญ่ Top Gp,https://popstarshops.com/assets/uploads/category-snack.webp
หมูยออุบล (หนังหมูเหลือง) แท่งใหญ่ Top Gp,https://popstarshops.com/assets/uploads/category-snack.webp
ไก่ยอกลางสไลด์พริก ฟาร์มสุข แพ็ค 950g.,https://popstarshops.com/assets/uploads/category-snack.webp
ไส้กรอกไก่สอดไส้ชีส ฟาร์มสุข แพ็ค 600g.,https://popstarshops.com/assets/uploads/category-snack.webp
แมงสะดิ้ง แพ็ค 1 kg.,https://popstarshops.com/assets/uploads/category-snack.webp
หมูกระเทียม ม.ขอนแก่น Top GP แพ็ค 400g.,https://popstarshops.com/assets/uploads/category-snack.webp
ไส้กรอกอีสานไก่ Top GP แพ็ค 900g.,https://popstarshops.com/assets/uploads/category-snack.webp
จิ้งหรีด แพ็ค 500 กรัม,https://popstarshops.com/assets/uploads/category-snack.webp
หมูยออุบล(พริกไทยดำเขียวจิ๋ว) Top GP,https://popstarshops.com/assets/uploads/category-snack.webp
จิ้งโกร่ง แพ็ค 1 kg.,https://popstarshops.com/assets/uploads/category-snack.webp
วิลปลา กุนซือ แพ็ค 950g.,https://popstarshops.com/assets/uploads/category-snack.webp
ดักแด้ แพ็ค 2 kg.,https://popstarshops.com/assets/uploads/category-snack.webp
ไส้กรอกฮอทดอกไก่กรอบ ไทยฟูดส์ แพ็ค 1 kg.,https://popstarshops.com/assets/uploads/category-snack.webp
ดักแด้ แพ็ค 500g.,https://popstarshops.com/assets/uploads/category-snack.webp
ไส้กรอกไก่เกลียว รสกุ้ง แพ็ค 500g.,https://popstarshops.com/assets/uploads/category-snack.webp
จิ้งหรีด แพ็ค 1 kg.,https://popstarshops.com/assets/uploads/category-snack.webp
ไส้กรอกไก่เกลียว รสเวียนนา แพ็ค 500g.,https://popstarshops.com/assets/uploads/category-snack.webp
ดักแด้ กล่อง5 กก.,https://popstarshops.com/assets/uploads/category-snack.webp
จัมโบ้รมควัน 14ชิ้น แหลมทอง แพ็ค 1 kg.,https://popstarshops.com/assets/uploads/category-snack.webp
"ดักแด้ แพ็ค 1,000g.",https://popstarshops.com/assets/uploads/category-snack.webp
จัมโบ้รมควัน 13ชิ้น แหลมทอง แพ็ค 1 kg.,https://popstarshops.com/assets/uploads/category-snack.webp
แฟร้งค์ไก่กะเพรา 26ชิ้น แหลมทอง แพ็ค 1 kg.,https://popstarshops.com/assets/uploads/category-snack.webp
เซดดาร์ชีส-ฟุตลอง แหลมทอง แพ็ค 400g.,https://popstarshops.com/assets/uploads/category-snack.webp
ฮอทดอกหนังกรอบยกนิ้ว แหลมทอง แพ็ค 350g.,https://popstarshops.com/assets/uploads/category-snack.webp
จัมโบ้รมควัน 15ชิ้น แหลมทอง แพ็ค 1 kg.,https://popstarshops.com/assets/uploads/category-snack.webp
ไส้กรอกอีสานแซ่บอีสาน(เหลือง+แดง) แพ็ค 900g.,https://popstarshops.com/assets/uploads/category-snack.webp
ไส้กรอกอีสานแม่ภู แพ็ค 900g.,https://popstarshops.com/assets/uploads/category-snack.webp
ไส้กรอกเนื้อ แพ็ค 900g.,https://popstarshops.com/assets/uploads/category-snack.webp
แวมไพร์ จี๊ดจ๊าด แพ็ค 500g,https://popstarshops.com/assets/uploads/category-snack.webp
ลูกชิ้นปันปัน ก้าวหน้า แพ็ค 1kg.,https://popstarshops.com/assets/uploads/category-snack.webp
จัมโบ้คอลลาเจน ก้าวหน้า แพ็ค 1kg.,https://popstarshops.com/assets/uploads/category-snack.webp
ฮอท5บาท ก้าวหน้า แพ็ค 1kg.,https://popstarshops.com/assets/uploads/category-snack.webp
ไก่ยอพริก เบทาโกร แพ็ค 500g.,https://popstarshops.com/assets/uploads/category-snack.webp
ไก่ยอลายหินอ่อนขาว เบทาโกร แพ็ค 500g,https://popstarshops.com/assets/uploads/category-snack.webp
โบโลญ่าพริก(ไก่ผสมหมู) เบทาโกร แพ็ค 340g,https://popstarshops.com/assets/uploads/category-snack.webp
โบโลญ่าหมู(ไก่ผสมหมู) เบทาโกร แพ็ค 340g,https://popstarshops.com/assets/uploads/category-snack.webp
บิ๊กวัน ก้าวหน้า แพ็ค 1kg.,https://popstarshops.com/assets/uploads/category-snack.webp
เส้นแก้ว แพ็ค 1 kg.,https://popstarshops.com/assets/uploads/category-snack.webp
เส้นหมี่สด ช.แชมป์ แพ็ค 500g.,https://popstarshops.com/assets/uploads/category-snack.webp
เส้นหมี่สด เหลียงเฮง แพ็ค 500g.,https://popstarshops.com/assets/uploads/category-snack.webp
บะหมี่เหลือง เหลียงเฮง แพ็ค 500g.,https://popstarshops.com/assets/uploads/category-snack.webp
บะหมี่หยก เหลียงเฮง แพ็ค 500g.,https://popstarshops.com/assets/uploads/category-snack.webp
แผ่นเกี๊ยวหนาทอด เหลียงเฮง แพ็ค 500g.,https://popstarshops.com/assets/uploads/category-snack.webp
เกี๊ยวแผ่นเหลือง(ต้ม) เหลียงเฮง แพ็ค 500g.,https://popstarshops.com/assets/uploads/category-snack.webp
เกี๊ยวแผ่นหยก(ต้ม) เหลียงเฮง แพ็ค 500g.,https://popstarshops.com/assets/uploads/category-snack.webp
เส้นก๋วยเตี๋ยว(เส้นหมี่สด) ซุนกี่ แพ็ค 500g.,https://popstarshops.com/assets/uploads/category-snack.webp
เส้นก๋วยเตี๋ยว(เส้นเล็ก) ซุนกี่ แพ็ค 1 kg.,https://popstarshops.com/assets/uploads/category-snack.webp
"เส้นราดหน้า ซุนกี่ แพ็ค 1,000g.",https://popstarshops.com/assets/uploads/category-snack.webp
เส้นก๋วยจั๊บ(เส้นเล็ก) ตราดาว แพ็ค 500g.,https://popstarshops.com/assets/uploads/category-snack.webp
เส้นก๋วยจั๊บ(เส้นใหญ่) ตราดาว แพ็ค 500g.,https://popstarshops.com/assets/uploads/category-snack.webp
"เส้นราดหน้า(เส้นใหญ่ผัด) ตราดาว แพ็ค 1,000g.",https://popstarshops.com/assets/uploads/category-snack.webp
เส้นก๋วยจั๊บ(เส้นซอย) ตราดาว แพ็ค 500g.,https://popstarshops.com/assets/uploads/category-snack.webp
Berrak สปาเก็ตตี้ แพ็ค 500g.,https://popstarshops.com/assets/uploads/category-snack.webp
Doga สปาเก็ตตี้1.7mm แพ็ค500กรัม,https://popstarshops.com/assets/uploads/category-snack.webp
เส้นก๋วยเตี๋ยว(เส้นสั้น3ส่วน) ซุนกี่ แพ็ค 1 kg.,https://popstarshops.com/assets/uploads/category-snack.webp
แผ่นเกี๊ยวหนาทอด ซุนกี่ แพ็ค 500g.,https://popstarshops.com/assets/uploads/category-snack.webp
บะหมี่เหลือง ซุนกี่ แพ็ค 500g.,https://popstarshops.com/assets/uploads/category-snack.webp
FF บะหมี่อบแห้งสไตล์เกาหลี 380g,https://popstarshops.com/assets/uploads/category-snack.webp
FF โชกุนบะหมี่หยกอบแห้ง 380g,https://popstarshops.com/assets/uploads/category-snack.webp
อั่งเปา บะหมี่จัดชุด 850g,https://popstarshops.com/assets/uploads/category-snack.webp
FF โชกุนบะหมี่อบแห้ง 380g,https://popstarshops.com/assets/uploads/category-snack.webp
FF บะหมี่ชนิดก้อน 900g,https://popstarshops.com/assets/uploads/category-snack.webp
เส้นก๋วยจั๊บ(เส้นแบน) ซุนกี่ แพ็ค 500g.,https://popstarshops.com/assets/uploads/category-snack.webp
เส้นก๊วยจั๊บเล็ก ตราเมืองไทย แพ็ค 500 กรัม,https://popstarshops.com/assets/uploads/category-snack.webp
เส้นก๋วยเตี๋ยวสด(สั้น) ช้างสามตัว แพ็ค 1 kg.,https://popstarshops.com/assets/uploads/category-snack.webp
เส้นก๋วยเตี๋ยวสด(ยาว) ช้างสามตัว แพ็ค 1 kg.,https://popstarshops.com/assets/uploads/category-snack.webp
วุ้นเส้นสด กิเลนคู่ แพ็ค 500g.,https://popstarshops.com/assets/uploads/category-snack.webp
บะหมี่ก้อนเส้นดี21ก้อน,https://popstarshops.com/assets/uploads/category-snack.webp
วุ้นเส้นแห้ง ตองเคจ์ 500g.,https://popstarshops.com/assets/uploads/category-snack.webp
วุ้นเส้นสด ตองเคจ์ 500g.,https://popstarshops.com/assets/uploads/category-snack.webp
เส้นก๋วยเตี๋ยว(เล็ก) ช.แชมป์ แพ็ค 1 kg.,https://popstarshops.com/assets/uploads/category-snack.webp
มาม่าข้าวต้ม รสหมูสับกระเทียมพริกไทย 35g,https://popstarshops.com/assets/uploads/category-snack.webp
มังกรคู่ ก๋วยเตี๋ยวเรือน้ำตกสูตรโบราณ(คัพ) 55g,https://popstarshops.com/assets/uploads/category-snack.webp
ANATOLI เส้นสปาเก็ตตี้ แพ็ค 500g.,https://popstarshops.com/assets/uploads/category-snack.webp
เส้นแก้วสาหร่าย คาวา แพ็ค 1 kg.,https://popstarshops.com/assets/uploads/category-snack.webp
มาม่าคัพ รสสไปซี่ชีส 63g.,https://popstarshops.com/assets/uploads/category-snack.webp
มาม่า ออเรียนทัลคิตเชน รสผัดไข่เค็ม 80 กรัม.,https://popstarshops.com/assets/uploads/category-snack.webp
วุ้นเส้น สายฝน 35g.,https://popstarshops.com/assets/uploads/category-snack.webp
วุ้นเส้น สายฝน 22g.,https://popstarshops.com/assets/uploads/category-snack.webp
วุ้นเส้น สายฝน 70g.,https://popstarshops.com/assets/uploads/category-snack.webp
วุ้นเส้น ต้นสน 80g.,https://popstarshops.com/assets/uploads/category-snack.webp
เส้นหมี่ไวไว แพ็ค 500g.,https://popstarshops.com/assets/uploads/category-snack.webp
ไวไวควิก(คัพ) รสต้มโคล้ง 60g,https://popstarshops.com/assets/uploads/category-snack.webp
ไวไวควิก(คัพ) รสกุ้งนึ่งมะนาว 55g.,https://popstarshops.com/assets/uploads/category-snack.webp
มาม่าคัพ รสหมูสับ 60g.,https://popstarshops.com/assets/uploads/category-snack.webp
มาม่าคัพ รสต้มยำกุ้งน้ำข้น 60g.,https://popstarshops.com/assets/uploads/category-snack.webp
มาม่าคัพ รสเย็นตาโฟต้มยำหม้อไฟ 60g.,https://popstarshops.com/assets/uploads/category-snack.webp
ยำยำ(คัพ) รสหมูสับ 60g.,https://popstarshops.com/assets/uploads/category-snack.webp
มาม่าคัพ รสต้มยำกุ้ง 60g.,https://popstarshops.com/assets/uploads/category-snack.webp
มาม่าคัพ รสแกงเขียวหวานไก่ 60g.,https://popstarshops.com/assets/uploads/category-snack.webp
ยำยำ(คัพ) รสต้มยำทะเลซีฟู้ด 60g.,https://popstarshops.com/assets/uploads/category-snack.webp
วุ้นเส้นสด เกาลูน 500g.,https://popstarshops.com/assets/uploads/category-snack.webp
บุกขาว แพ็ค 1 kg.,https://popstarshops.com/assets/uploads/category-snack.webp
วุ้นเส้นสด ต้นแก้ว 500g.,https://popstarshops.com/assets/uploads/category-snack.webp
ยำยำ(คัพ) รสต้มยำกุ้ง 60g.,https://popstarshops.com/assets/uploads/category-snack.webp
ยำยำ(คัพ) รสต้มยำกุ้งน้ำข้น 60g.,https://popstarshops.com/assets/uploads/category-snack.webp
บุกไข่ แพ็ค 1 kg.,https://popstarshops.com/assets/uploads/category-snack.webp
ไวไวควิก(คัพ) รสหมูสับต้มยำ 60g,https://popstarshops.com/assets/uploads/category-snack.webp
ปูอัด A (กล่องน้ำตาล) แพ็ค 500g.,https://popstarshops.com/assets/uploads/category-snack.webp
ลูกชิ้นปลานามิ TVI แพ็ค 250g.,https://popstarshops.com/assets/uploads/category-snack.webp
เต้าหู้ปลานามิ TVI แพ็ค 200g.,https://popstarshops.com/assets/uploads/category-snack.webp
เบคอน แพ็ค 1 kg.,https://popstarshops.com/assets/uploads/category-snack.webp
ปูอัดอ่าวไทย แพ็ค 450g.,https://popstarshops.com/assets/uploads/category-snack.webp
ซาลาเปาไส้ไข่กุ้ง TVI แพ็ค 500g.,https://popstarshops.com/assets/uploads/category-snack.webp
ก้ามโอเชี่ยน TVI แพ็ค 500g.,https://popstarshops.com/assets/uploads/category-snack.webp
คอมโบ้ฟิชบัน TVI แพ็ค 500g.,https://popstarshops.com/assets/uploads/category-snack.webp
ซาลาเปาใส้ครีมชีส TVI แพ็ค 500g.,https://popstarshops.com/assets/uploads/category-snack.webp
ซาลาเปาใส้ไข่เค็ม TVI แพ็ค 500g.,https://popstarshops.com/assets/uploads/category-snack.webp
ชิคุวะ เนื้อปลาบดปรุงรสย่าง TVI แพ็ค 500g.,https://popstarshops.com/assets/uploads/category-snack.webp
กุ้งแม็กนั่ม TVI Ocean Chef แพ็ค 500g.,https://popstarshops.com/assets/uploads/category-snack.webp
เต้าหู้ปลา TVI แพ็ค 500g.,https://popstarshops.com/assets/uploads/category-snack.webp
ปลาหมึกหลอด TVI แพ็ค500g.,https://popstarshops.com/assets/uploads/category-snack.webp
ปูอัดนามิ TVI แพ็ค 200g.,https://popstarshops.com/assets/uploads/category-snack.webp
ลูกชิ้นกุ้งมังกร TVI แพ็ค 500g.,https://popstarshops.com/assets/uploads/category-snack.webp
ปูอัดตราคานิจัง TVI 7cm.42แท่ง แพ็ค 500g.,https://popstarshops.com/assets/uploads/category-snack.webp
ปูเบนโตะ TVI แพ็ค 500g.,https://popstarshops.com/assets/uploads/category-snack.webp
ปูอัดตราคานิจัง TVI 12cm.25แท่ง แพ็ค 500g.,https://popstarshops.com/assets/uploads/category-snack.webp
ปูอัดจัมโบ้ TVI แพ็ค 500g.,https://popstarshops.com/assets/uploads/category-snack.webp
เต้าหู้ปลามิกิ PFP แพ็ค 480g.,https://popstarshops.com/assets/uploads/category-snack.webp
เต้าหู้ปลาลูกเต๋า PFP แพ็ค 500g.,https://popstarshops.com/assets/uploads/category-snack.webp
เต้าหู้ปลาแผ่น PFP แพ็ค 500g.,https://popstarshops.com/assets/uploads/category-snack.webp
ฟองเต้าหู้ซีฟู้ด PFP แพ็ค 500g.,https://popstarshops.com/assets/uploads/category-snack.webp
สินค้าราคาพิเศษ,https://popstarshops.com/assets/uploads/category-snack.webp
เต้าหู้ชีส PFP แพ็ค 500g.,https://popstarshops.com/assets/uploads/category-snack.webp
เฟรนฟรายด์(10มิล) PFP แพ็ค 1 kg.,https://popstarshops.com/assets/uploads/category-snack.webp
เฟรนฟรายด์(7มิล) PFP แพ็ค 1 kg.,https://popstarshops.com/assets/uploads/category-snack.webp
นักเก็ตไก่ ซันเเวลเล่ย์ แพ็ค 1 kg.,https://popstarshops.com/assets/uploads/category-snack.webp
ไก่ป๊อปรสดั้งเดิม ซันเเวลเล่ย์ แพ็ค 1 kg.,https://popstarshops.com/assets/uploads/category-snack.webp
ไก่ป๊อปรสสไปซี่ ซันเเวลเล่ย์ แพ็ค 1 kg.,https://popstarshops.com/assets/uploads/category-snack.webp
ชิกเก้นสติ๊ก ซันเเวลเล่ย์ แพ็ค 1 kg.,https://popstarshops.com/assets/uploads/category-snack.webp
เฟรนฟรายด์ Jolden Fritto เส้นหยัก แพ็ค 1 kg.,https://popstarshops.com/assets/uploads/category-snack.webp
เฟรนฟรายด์ Extra crispy (7มิล) แพ็ค 1 kg.,https://popstarshops.com/assets/uploads/category-snack.webp
ปีกไก่กรอบรสบาร์บีคิว ซันเเวลเล่ย์ แพ็ค 1 kg.,https://popstarshops.com/assets/uploads/category-snack.webp
ปูเบนโตะพลัส 250 กรัม TVI,https://popstarshops.com/assets/uploads/category-snack.webp
เฟรนฟรายด์กล่องขาว(7มิล) แพ็ค1000กรัม,https://popstarshops.com/assets/uploads/category-snack.webp
เปาทูโทนไส้ไข่กุ้ง TVI แพ็ค 500g.,https://popstarshops.com/assets/uploads/category-snack.webp
ตัวปลา TVI แพ็ค 500g.,https://popstarshops.com/assets/uploads/category-snack.webp
ปูไลน์ TVI แพ็ค 500g.,https://popstarshops.com/assets/uploads/category-snack.webp
เมก้าแครบ TVI แพ็ค 500g.,https://popstarshops.com/assets/uploads/category-snack.webp
ลูกชิ้นกุ้ง TVI แพ็ค 500g.,https://popstarshops.com/assets/uploads/category-snack.webp
ชังกี้ไบท์ ซันเเวลเล่ย์ แพ็ค 1 kg.,https://popstarshops.com/assets/uploads/category-snack.webp
ปีกไก่กรอบรสดั้งเดิม ซันเเวลเล่ย์ แพ็ค 1 kg.,https://popstarshops.com/assets/uploads/category-snack.webp
ชีสบอลมินิคุ้มจัง(40ลูก) แพ็ค 500g.,https://popstarshops.com/assets/uploads/category-snack.webp
ปูอัดทูโทนไส้ชีส TVI แพ็ค 500g.,https://popstarshops.com/assets/uploads/category-snack.webp
สันในไก่ชุบแป้งทอด ซันเเวลเล่ย์ แพ็ค 1 kg.,https://popstarshops.com/assets/uploads/category-snack.webp
เนื้อสะโพกไก่กรอบ ซันเเวลเล่ย์ แพ็ค 1 kg.,https://popstarshops.com/assets/uploads/category-snack.webp
เฟรนฟรายด์กล่องขาว(10มิล) แพ็ค1000กรัม,https://popstarshops.com/assets/uploads/category-snack.webp
ดับเบิ้ลชีสปูอัด TVI แพ็ค 500g.,https://popstarshops.com/assets/uploads/category-snack.webp
เฟรนฟรายด์ (Uranus) 10มิล แพ็ค 1 kg.,https://popstarshops.com/assets/uploads/category-snack.webp
สะโพกไก่ทอดไร้กระดูก ซันเเวลเล่ย์ แพ็ค 1 kg.,https://popstarshops.com/assets/uploads/category-snack.webp
เนื้อน่องไก่ ซันเเวลเล่ย์ แพ็ค 2 kg.,https://popstarshops.com/assets/uploads/category-snack.webp
ปีกบนไก่ ตรา ซันแวลเล่ย์ แพ็ค1000 กรัม,https://popstarshops.com/assets/uploads/category-snack.webp
เบคอน แพ็ค 700g.,https://popstarshops.com/assets/uploads/category-snack.webp
ชีสบอลมินิคุ้มจัง แพ็ค500กรัม/40ลูก,https://popstarshops.com/assets/uploads/category-snack.webp
ชีสบอลซุปเปอร์คุ้ม แพ็ค500กรัม/20ลูก,https://popstarshops.com/assets/uploads/category-snack.webp
ชีสโตะจัง Cheese Dip(ถุงส้ม) แพ็ค 400g.,https://popstarshops.com/assets/uploads/category-snack.webp
เต้าหู้แผ่น ขาว,https://popstarshops.com/assets/uploads/category-snack.webp
เต้าหู้แผ่น เหลือง,https://popstarshops.com/assets/uploads/category-snack.webp
มอซซาเรล่าชีส แพ็ค 200g.,https://popstarshops.com/assets/uploads/category-snack.webp
ฟองเต้าหู้ปูอัด TVI แพ็ค 500g.,https://popstarshops.com/assets/uploads/category-snack.webp
ปูอัดแผ่นสำหรับทอดกรอบ TVI แพ็ค 500g.,https://popstarshops.com/assets/uploads/category-snack.webp
มินิบอล.มานี แพ็ค600กรัม/30ลูก,https://popstarshops.com/assets/uploads/category-snack.webp
แคร็ปป๊อป.มานี แพ็ค500กรัม/40-45ชิ้น,https://popstarshops.com/assets/uploads/category-snack.webp
เมก้าแครบสอดไส้ชีส TVI แพ็ค 500g.,https://popstarshops.com/assets/uploads/category-snack.webp
ปูเด้ง PFP แพ็ค 500g.,https://popstarshops.com/assets/uploads/category-snack.webp
ไก่กุ๊กกิ๊ก ซันเเวลเล่ย์ แพ็ค 1 kg.,https://popstarshops.com/assets/uploads/category-snack.webp
ลูกชิ้นปลา TOFU แพ็ค 500 กรัม,https://popstarshops.com/assets/uploads/category-snack.webp
ปูอัดลายเสือ TVI แพ็ค 500g.,https://popstarshops.com/assets/uploads/category-snack.webp
นักเก็ตไก่ทอดกรอบ เบทาโกร แพ็ค 1 kg.,https://popstarshops.com/assets/uploads/category-snack.webp
"นักเก็ตไก่รสดั้งเดิม Fremio 1,000g",https://popstarshops.com/assets/uploads/category-snack.webp
ปูทอง TVI แพ็ค 500g.,https://popstarshops.com/assets/uploads/category-snack.webp
ไก่ซี๊ดซ้าด ซันเเวลเล่ย์ แพ็ค 1 kg.,https://popstarshops.com/assets/uploads/category-snack.webp
"ชาบู8เซียน TVI แพ็ค 1,000g.",https://popstarshops.com/assets/uploads/category-snack.webp
เฟรนฟรายด์ ฟาร์มสุข (7มิล) แพ็ค1 kg.,https://popstarshops.com/assets/uploads/category-snack.webp
กุยช่ายปลาสติ๊ก TVI แพ็ค 500g.,https://popstarshops.com/assets/uploads/category-snack.webp
เฟรนฟรายด์ ฟาร์มสุข (10มิล) แพ็ค 1 kg.,https://popstarshops.com/assets/uploads/category-snack.webp
ปีกกลางไก่ผ่าทอด แพ็ค 1kg.,https://popstarshops.com/assets/uploads/category-snack.webp
ปลาห่อสาหร่าย TVI แพ็ค 500g.,https://popstarshops.com/assets/uploads/category-snack.webp
เต้าหู้ปลา ป๊อบอัพ TVI แพ็ค 500g.,https://popstarshops.com/assets/uploads/category-snack.webp
พิงก์ฟงเบบี้ชาร์ค(เหลือง) TVI แพ็ค 500g.,https://popstarshops.com/assets/uploads/category-snack.webp
พิงก์ฟงมัมมี่ชาร์ค(ชมพู) TVI แพ็ค 500g.,https://popstarshops.com/assets/uploads/category-snack.webp
หยดน้ำไส้ผักโขมชีส TVI แพ็ค 500g.,https://popstarshops.com/assets/uploads/category-snack.webp
ปูอัด ป๊อบอัพ TVI แพ็ค 450g.,https://popstarshops.com/assets/uploads/category-snack.webp
ชีสบอล(24ลูก) ตรามงกุฎ แพ็ค 500g.,https://popstarshops.com/assets/uploads/category-snack.webp
ปูหลอด TVI แพ็ค 500g.,https://popstarshops.com/assets/uploads/category-snack.webp
ชีสบอลซุปเปอร์คุุ้ม(20ลูก) แพ็ค 500g.,https://popstarshops.com/assets/uploads/category-snack.webp
มินิชีสบอล(40ลูก) ตรามงกุฎ แพ็ค 500g.,https://popstarshops.com/assets/uploads/category-snack.webp
เฟรนฟรายด์ (venus) ชูสตริง7มิล แพ็ค 1 kg.,https://popstarshops.com/assets/uploads/category-snack.webp
ขนมจีบหมู บุฟเฟต์ แพ็ค40ชิ้น,https://popstarshops.com/assets/uploads/category-snack.webp
ลูกชิ้นปลา TVI แพ็ค 500g.,https://popstarshops.com/assets/uploads/category-snack.webp
รวมมิตรแองกี้เบิร์ด TVI แพ็ค 500g.,https://popstarshops.com/assets/uploads/category-snack.webp
กุ้งหิมะ TVI แพ็ค 500g.,https://popstarshops.com/assets/uploads/category-snack.webp
ซาลาเปาไส้ ข้าวโพดครีมชีส TVI แพ็ค 500g.,https://popstarshops.com/assets/uploads/category-snack.webp
สาหร่ายวากาเมะ TVI แพ็ค 500g.,https://popstarshops.com/assets/uploads/category-snack.webp
เห็ดชิเมจิ(ขาว) 125g,https://popstarshops.com/assets/uploads/category-snack.webp
เห็นหลินโอ (เห็ดหิมะขาว)แพ็ค1000กรัม,https://popstarshops.com/assets/uploads/category-snack.webp
A88 เห็ดหิมะ(ดำ) 150g,https://popstarshops.com/assets/uploads/category-snack.webp
A88 เห็ดหิมะ(ขาว) แพ็ค150g,https://popstarshops.com/assets/uploads/category-snack.webp
เห็ดออริจิถ้วย แพ็ค200g,https://popstarshops.com/assets/uploads/category-snack.webp
เห็ดออริ แพ็ค1กก.,https://popstarshops.com/assets/uploads/category-snack.webp
เห็ดขาวแผง แพ็ค,https://popstarshops.com/assets/uploads/category-snack.webp
เห็ดชิเมจิ(ดำ) 125g,https://popstarshops.com/assets/uploads/category-snack.webp
เห็ดหอมสด แพ็ค 1kg,https://popstarshops.com/assets/uploads/category-snack.webp
ชิเมจิ (ขาว-ดำ) แพ็ค150g,https://popstarshops.com/assets/uploads/category-snack.webp
เห็ดเข็มทอง ENOKI 200กรัม,https://popstarshops.com/assets/uploads/category-snack.webp
แครอท,https://popstarshops.com/assets/uploads/category-snack.webp
ข้าวโพดฝักอ่อน,https://popstarshops.com/assets/uploads/category-snack.webp
เห็ดเข็มทอง 200กรัม,https://popstarshops.com/assets/uploads/category-snack.webp
เห็ดเข็มทอง เกรด B แพ็ค 1000กรัม,https://popstarshops.com/assets/uploads/category-snack.webp
เห็ดเข็มทอง เกรด A แพ็ค 1000กรัม,https://popstarshops.com/assets/uploads/category-snack.webp
เกลือ,https://popstarshops.com/assets/uploads/category-snack.webp
เกลือทะเล กระสอบ 25กก.,https://popstarshops.com/assets/uploads/category-snack.webp
เกลือปรุงทิพย์ 150g.,https://popstarshops.com/assets/uploads/category-snack.webp
ซอสหอยนางรม แม่ครัว 300g.,https://popstarshops.com/assets/uploads/category-snack.webp
แป้งโกกิ 150g.,https://popstarshops.com/assets/uploads/category-snack.webp
ผักกาดดองเค็ม นกพิราบ 230g.,https://popstarshops.com/assets/uploads/category-snack.webp
น้ำพริกเผา ตราแม่ประนอม 51 g.,https://popstarshops.com/assets/uploads/category-snack.webp
อัมพวา กระทิ 100% 250 กรัม,https://popstarshops.com/assets/uploads/category-snack.webp
ทาคูมิอายิ โชยุญี่ปุ่น 200ml.,https://popstarshops.com/assets/uploads/category-snack.webp
เต้าเจี้ยวสูตร 1 ตราเด็กสมบูรณ์ 350g.,https://popstarshops.com/assets/uploads/category-snack.webp
ซอสปรุงรสฝาเขียว ภูเขาทอง 500ml.,https://popstarshops.com/assets/uploads/category-snack.webp
คนอร์ ซุปก้อนรสต้มยำ 24g,https://popstarshops.com/assets/uploads/category-snack.webp
คนอร์ ซุปก้อนรสหมู 20g.,https://popstarshops.com/assets/uploads/category-snack.webp
กุ๊ก น้ำมันถั่วเหลือง(ขวด) 1 L.,https://popstarshops.com/assets/uploads/category-snack.webp
ซอส โชยุยามาโมริซาซิมิ 5 ml.,https://popstarshops.com/assets/uploads/category-snack.webp
ซอสมะเขือเทศ โรซ่า (ขวดบีบ) 250g,https://popstarshops.com/assets/uploads/category-snack.webp
แม่บุญล้ำ น้ำปลาร้าต้มสุก 400 ml. (ฝาแดง),https://popstarshops.com/assets/uploads/category-snack.webp
ทิพรส น้ำปลาแท้ 700 ml.,https://popstarshops.com/assets/uploads/category-snack.webp
ซีอิ๊วดำ เด็กสมบูรณ์ 370ml.,https://popstarshops.com/assets/uploads/category-snack.webp
ซอสพริก โรซ่า (ขวด) 300g.,https://popstarshops.com/assets/uploads/category-snack.webp
Yummy ผงปรุงรส รสชีส 500g.,https://popstarshops.com/assets/uploads/category-snack.webp
แม็กกี้ ซอสปรุงอาหาร 680 มล.,https://popstarshops.com/assets/uploads/category-snack.webp
คนอร์ ซุปก้อนรสไก่ 20g,https://popstarshops.com/assets/uploads/category-snack.webp
Yummy ผงปรุงรส รสปาปริก้า 500g.,https://popstarshops.com/assets/uploads/category-snack.webp
น้ำมะนาว ฟ้าไทย 300ml.,https://popstarshops.com/assets/uploads/category-snack.webp
คุณหนู น้ำปลาร้าต้มสุข 400 ml.,https://popstarshops.com/assets/uploads/category-snack.webp
ชาวเกาะ กะทิแท้100% (กล่อง) 500ml.,https://popstarshops.com/assets/uploads/category-snack.webp
"ซอสพริก โรซ่า (ถุงเติม) 1,000g.",https://popstarshops.com/assets/uploads/category-snack.webp
"ซอสมะเขือเทศ โรซ่า (ถุงเติม) 1,000g.",https://popstarshops.com/assets/uploads/category-snack.webp
คนอร์ ซอสมะขามเปียกเข้มข้น 850g.,https://popstarshops.com/assets/uploads/category-snack.webp
มิตรผล น้ำตาลเชื่อมสำเร็จรูป 800ml.,https://popstarshops.com/assets/uploads/category-snack.webp
"ชาวเกาะ กะทิแท้100% (ขวด) 1,000ml.",https://popstarshops.com/assets/uploads/category-snack.webp
ซีอิ๊วขาวเห็ดหอม เด็กสมบูรณ์ 700ml.,https://popstarshops.com/assets/uploads/category-snack.webp
ซีอิ๊วขาวสูตร1 เด็กสมบูรณ์ 700ml.,https://popstarshops.com/assets/uploads/category-snack.webp
ซีอิ๊วขาวฉลากแดง เด็กสมบูรณ์ 700ml.,https://popstarshops.com/assets/uploads/category-snack.webp
ซีอิ๊วดำสูตร5 เด็กสมบูรณ์ 940ml.,https://popstarshops.com/assets/uploads/category-snack.webp
เต้าเจี้ยวสูตร1 เด็กสมบูรณ์ 800 ml.,https://popstarshops.com/assets/uploads/category-snack.webp
เต้าเจี้ยวสูตร2 ฉลากฟ้า เด็กสมบูรณ์ 800 ml.,https://popstarshops.com/assets/uploads/category-snack.webp
ซอสเห็ดหอม เด็กสมบูรณ์ 800ml.,https://popstarshops.com/assets/uploads/category-snack.webp
ชีสโตะจัง มายองเนสสูตรอเนกประสงค์ 800g.,https://popstarshops.com/assets/uploads/category-snack.webp
รสดี น้ำซุปก๋วยเตี๋ยวเข้มข้นกลมกล่อม 850g.,https://popstarshops.com/assets/uploads/category-snack.webp
รสดี น้ำซุปก๋วยเตี๋ยวครบเครื่อง3เกลอ 850g.,https://popstarshops.com/assets/uploads/category-snack.webp
รสดี ซุปก้อนรสซุปกระดูกหมู 40g.,https://popstarshops.com/assets/uploads/category-snack.webp
รสดี พะโล้สูตรเข้มข้นรสดีเมนู 80g.,https://popstarshops.com/assets/uploads/category-snack.webp
รสดี ผงปรุงรสรสไก่ 800g.,https://popstarshops.com/assets/uploads/category-snack.webp
รสดี ผงปรุงรสรสหมู 800g.,https://popstarshops.com/assets/uploads/category-snack.webp
รสดี ผงปรุงรสรสไก่ 400g.,https://popstarshops.com/assets/uploads/category-snack.webp
รสดี แป้งชุบทอดกรอบ รสต้นตำหรับ 90g.,https://popstarshops.com/assets/uploads/category-snack.webp
รสดีเมนู ลาบน้ำตก 30 กรัม,https://popstarshops.com/assets/uploads/category-snack.webp
รสดี ผงปรุงรสรสไก่ 155g.,https://popstarshops.com/assets/uploads/category-snack.webp
รสดี ซุปก้อนรสหมู 40g.,https://popstarshops.com/assets/uploads/category-snack.webp
นิสชินคัพ รสไก่เผ็ดเกาหลี 71g.,https://popstarshops.com/assets/uploads/category-snack.webp
ผงชูรส อายิโนะโมะโต๊ะ(ถ้วยแดง) 500g.,https://popstarshops.com/assets/uploads/category-snack.webp
คนอร์ ซุปก้อนรสหมู 80g,https://popstarshops.com/assets/uploads/category-snack.webp
คนอร์ ซุปก้อนรสไก่ 80 กรัม,https://popstarshops.com/assets/uploads/category-snack.webp
คนอร์ ซุปก้อนรสไก่ 40 กรัม,https://popstarshops.com/assets/uploads/category-snack.webp
คนอร์ ซอสลาบ-น้ำตกปรุงรสสำเร็จชนิดผง 30g.,https://popstarshops.com/assets/uploads/category-snack.webp
ซอสปรุงรส เด็กสมบูรณ์ 600ml.,https://popstarshops.com/assets/uploads/category-snack.webp
แม่น้อย พริกหม่าล่า 250g.,https://popstarshops.com/assets/uploads/category-snack.webp
เกสร น้ำมันปาล์ม(ถุงเติม) 1 L.,https://popstarshops.com/assets/uploads/category-snack.webp
หอยหลอด น้ำปลาเพ็ท 700ml.,https://popstarshops.com/assets/uploads/category-snack.webp
เมกาเซฟ น้ำปลาแท้ 700ml.,https://popstarshops.com/assets/uploads/category-snack.webp
ไฮคิว ซอสพริกศรีราชา 670g.,https://popstarshops.com/assets/uploads/category-snack.webp
ซอสปรุงรสฝาน้ำตาล ภูเขาทอง 1 L.,https://popstarshops.com/assets/uploads/category-snack.webp
ซีอิ๊วขาว ภูเขาทอง 600ml.,https://popstarshops.com/assets/uploads/category-snack.webp
ผงปรุงรสรสไก่ ฟ้าไทย 800g.,https://popstarshops.com/assets/uploads/category-snack.webp
ผงปรุงรสรสหมู ฟ้าไทย 800g.,https://popstarshops.com/assets/uploads/category-snack.webp
ผงทำน้ำซุปน้ำใส ฟ้าไทย 165g.,https://popstarshops.com/assets/uploads/category-snack.webp
ผงทำน้ำซุปน้ำข้น ฟ้าไทย 165g.,https://popstarshops.com/assets/uploads/category-snack.webp
ผงทำซุปน้ำใส ฟ้าไทย 800g.,https://popstarshops.com/assets/uploads/category-snack.webp
น้ำก๋วยเตี๋ยวเข้มข้นน้ำข้น ฟ้าไทย 350g.,https://popstarshops.com/assets/uploads/category-snack.webp
ผงปรุงรสรสหมู ฟ้าไทย 165g.,https://popstarshops.com/assets/uploads/category-snack.webp
ซุปน้ำรสหมู ฟ้าไทย 25ml.,https://popstarshops.com/assets/uploads/category-snack.webp
ซีอิ๊วดำหวาน ง่วนเซียง 700g.,https://popstarshops.com/assets/uploads/category-snack.webp
ซีอิ๊วดำฉลากส้ม ง่วนเซียง 940g.,https://popstarshops.com/assets/uploads/category-snack.webp
"อร่อยดี กะทิ100% 1,000ml.",https://popstarshops.com/assets/uploads/category-snack.webp
"เรียลไทย กะทิ100% 1,000ml.",https://popstarshops.com/assets/uploads/category-snack.webp
อร่อยดี กะทิ100% 250ml.,https://popstarshops.com/assets/uploads/category-snack.webp
น้ำก๋วยเตี๋ยวเข้มข้นรสเนื้อ ฟ้าไทย 350g.,https://popstarshops.com/assets/uploads/category-snack.webp
"แป้งข้าวโพด ตรากระต่าย 1,000g.",https://popstarshops.com/assets/uploads/category-snack.webp
แป้งสาลี ตราดาวฟ้า 1 kg.,https://popstarshops.com/assets/uploads/category-snack.webp
แป้งศรฟ้า 1 kg.,https://popstarshops.com/assets/uploads/category-snack.webp
UFM แป้งทอดกรอบ 1 kg.,https://popstarshops.com/assets/uploads/category-snack.webp
แป้งมัน แมวแดงดาวเทียม 500g.,https://popstarshops.com/assets/uploads/category-snack.webp
สีผสมอาหาร #สีส้ม-แดง 2g.,https://popstarshops.com/assets/uploads/category-snack.webp
สีผสมอาหาร #สีแดงคิงส์ 2g.,https://popstarshops.com/assets/uploads/category-snack.webp
สีผสมอาหาร #สีเหลือง 2g.,https://popstarshops.com/assets/uploads/category-snack.webp
"สลัดครีม S05 เพียวฟู้ดส์ 1,000g.",https://popstarshops.com/assets/uploads/category-snack.webp
พริกขี้หนูป่น ไร่ทิพย์ 100g.,https://popstarshops.com/assets/uploads/category-snack.webp
แม่เหรียญ น้ำปลาร้าปรุงรส 380 ml.,https://popstarshops.com/assets/uploads/category-snack.webp
เครื่องปรุงน้ำก๋วยเตี๋ยว สูตรน้ำตก ราชา 35g.,https://popstarshops.com/assets/uploads/category-snack.webp
"ซุปเปอร์-ไฟน์ เกล็ดขนมปังขาว(ถุงน้ำเงิน) 1,000g.",https://popstarshops.com/assets/uploads/category-snack.webp
"พระอาทิตย์ เกล็ดขนมปังส้ม(ถุงส้ม) 1,000g.",https://popstarshops.com/assets/uploads/category-snack.webp
ผงหมักเนื้อ เบนลี่ 15g.,https://popstarshops.com/assets/uploads/category-snack.webp
"ซอสมะเขือเทศ เซฟแพ็ค (ถุง) 1,000g.",https://popstarshops.com/assets/uploads/category-snack.webp
"ซอสพริก เซฟแพ็ค (ถุง) 1,000g.",https://popstarshops.com/assets/uploads/category-snack.webp
โอพี เนยเหลืองแซมซัน 1 kg.,https://popstarshops.com/assets/uploads/category-snack.webp
เนยเหลือง กัปตัน 1 kg.,https://popstarshops.com/assets/uploads/category-snack.webp
โอพี เนยเหลืองแซมซัน 500g.,https://popstarshops.com/assets/uploads/category-snack.webp
แป้งข้าวเหนียว ตราเหรียญ 500g.,https://popstarshops.com/assets/uploads/category-snack.webp
น้ำจิ้มสุกี้ ครัวนภัส รสเผ็ด280กรัม,https://popstarshops.com/assets/uploads/category-snack.webp
"แป้งข้าวจ้าว ตราเหรียญ 1,000g.",https://popstarshops.com/assets/uploads/category-snack.webp
น้ำจิ้มลูกชิ้นตราจอมยุทธ์ 220 ml. (ขวด),https://popstarshops.com/assets/uploads/category-snack.webp
น้ำตาลอ้อยธรรมชาติแดง มิตรผล 1kg.,https://popstarshops.com/assets/uploads/category-snack.webp
น้ำจิ้มคุณนิด สูตรดั้งเดิม 250g.,https://popstarshops.com/assets/uploads/category-snack.webp
"ซอสหอยนางรม ราชารส 1,000 ml.",https://popstarshops.com/assets/uploads/category-snack.webp
น้ำจิ้มคุณนิด สูตรจัดจ้าน 250g.,https://popstarshops.com/assets/uploads/category-snack.webp
น้ำปลาผสม ราชารส 700ml.,https://popstarshops.com/assets/uploads/category-snack.webp
น้ำจิ้มลูกชิ้นจอมยุทธ์ 250g. (ถุงเขียว),https://popstarshops.com/assets/uploads/category-snack.webp
น้ำส้มสายชู 5% ฉลากฟ้า ราชารส 700ml.,https://popstarshops.com/assets/uploads/category-snack.webp
น้ำจิ้มลูกชิ้น แม่มาลี ถุง 700g.,https://popstarshops.com/assets/uploads/category-snack.webp
พริกน้ำตาล ราชารส,https://popstarshops.com/assets/uploads/category-snack.webp
"น้ำจิ้มลูกชิ้น โอชา (ถุง) 1,000g.",https://popstarshops.com/assets/uploads/category-snack.webp
พริกน้ำปลา ราชารส,https://popstarshops.com/assets/uploads/category-snack.webp
น้ำจิ้มไก่ แม่ประนอม 980 ml.,https://popstarshops.com/assets/uploads/category-snack.webp
พริกน้ำส้ม ราชารส,https://popstarshops.com/assets/uploads/category-snack.webp
ถั่วลิสง ไร่ทิพย์ 500g.,https://popstarshops.com/assets/uploads/category-snack.webp
น้ำจิ้มลูกชิ้น ตราฤทัยทิพ สูตรโบราณ 250g.,https://popstarshops.com/assets/uploads/category-snack.webp
ถั่วทองเราะเปลือก ไร่ทิพย์ 500g.,https://popstarshops.com/assets/uploads/category-snack.webp
น้ำจิ้มสุกี้ ตราดงอู่ผึ้ง (รสเผ็ด) 280g.,https://popstarshops.com/assets/uploads/category-snack.webp
งาดำ ไร่ทิพย์ 100g.,https://popstarshops.com/assets/uploads/category-snack.webp
น้ำจิ้มไก่ ไฮคิว 10g.,https://popstarshops.com/assets/uploads/category-snack.webp
Yummy ผงปรุงรส รสต้มยำ 100g.,https://popstarshops.com/assets/uploads/category-snack.webp
"น้ำจิ้มลูกชิ้น จอมยุทธ์ แพ็ค1,000g. (ถุงเขียว)",https://popstarshops.com/assets/uploads/category-snack.webp
เบสท์ โอเดอร์(ผงฟูซองเหลือง),https://popstarshops.com/assets/uploads/category-snack.webp
"น้ำจิ้มไก่สูตร จอมยุทธ 1,000g.",https://popstarshops.com/assets/uploads/category-snack.webp
น้ำตาลปิ๊บมัดจุก ดอกบัวแดง 1 kg.,https://popstarshops.com/assets/uploads/category-snack.webp
น้ำยำแซ่บX2 220ซีซี.,https://popstarshops.com/assets/uploads/category-snack.webp
ชาตรามือ ชาแดงซองเล็ก 190g.,https://popstarshops.com/assets/uploads/category-snack.webp
น้ำจิ้มเนื้อวัว ตราน้องพร 100 ml.,https://popstarshops.com/assets/uploads/category-snack.webp
ชาตรามือ ชาเขียวนมซองเล็ก 200g.,https://popstarshops.com/assets/uploads/category-snack.webp
น้ำจิ้มไก่ แม่ประนอม 260ml.,https://popstarshops.com/assets/uploads/category-snack.webp
"น้ำจิ้มไก่ตะหลิวทอง 1,000g.",https://popstarshops.com/assets/uploads/category-snack.webp
มายองเนส ซีเล็ค-ไลท์ เฟรสโอ 860g.,https://popstarshops.com/assets/uploads/category-snack.webp
มายองเนส ลิลลี่ 870g.,https://popstarshops.com/assets/uploads/category-snack.webp
ซอสพริก เฟรชกรีน (ถุง) 800g.,https://popstarshops.com/assets/uploads/category-snack.webp
ซอสมะเขือเทศ เฟรชกรีน (ถุง) 800g.,https://popstarshops.com/assets/uploads/category-snack.webp
มายองเนส เฟรชกรีน 800g.,https://popstarshops.com/assets/uploads/category-snack.webp
"ซอสหอยนางรม นกเพนกวิน 1,000g.",https://popstarshops.com/assets/uploads/category-snack.webp
"น้ำกระเทียมดอง ภูเขาไฟ 1,000g.",https://popstarshops.com/assets/uploads/category-snack.webp
ติ่งฟง กลิ่นสับปะรด 760ml.,https://popstarshops.com/assets/uploads/category-snack.webp
ติ่งฟง กลิ่นน้ำแอปเปิ้ล 760ml.,https://popstarshops.com/assets/uploads/category-snack.webp
ติ่งฟง กลิ่นลิ้นจี่ 760ml.,https://popstarshops.com/assets/uploads/category-snack.webp
ติ่งฟง กลิ่นสตรอเบอรรี่ 760ml.,https://popstarshops.com/assets/uploads/category-snack.webp
น้ำหวานเฮลซ์บลูบอย มะลิ 710ml.,https://popstarshops.com/assets/uploads/category-snack.webp
ไส้ตันทอง น้ำปลาผสม 700ml.,https://popstarshops.com/assets/uploads/category-snack.webp
ซอสปรุงรสฝาเขียว ปรุงรสไทย 600ml.,https://popstarshops.com/assets/uploads/category-snack.webp
น้ำตาลกรวด หวานจัง 500g.,https://popstarshops.com/assets/uploads/category-snack.webp
ผึ้ง น้ำมันปาล์ม(ถุงเติม) 1 L.,https://popstarshops.com/assets/uploads/category-snack.webp
ผึ้ง น้ำมันปาล์ม(ขวด) 1 L.,https://popstarshops.com/assets/uploads/category-snack.webp
ถุงหิ้วแก้ว ตรางาช้าง 4*14 ใส LL ถุงส้ม 200g.,https://popstarshops.com/assets/uploads/category-snack.webp
อร่อยดี กะทิ100% 500ml.,https://popstarshops.com/assets/uploads/category-snack.webp
น้ำมะขามเปียกเข้มข้น ผลทอง 500ml.,https://popstarshops.com/assets/uploads/category-snack.webp
น้ำมันหอย ตราครัวดี 1 L.,https://popstarshops.com/assets/uploads/category-snack.webp
รินทิพย์ น้ำมันปาล์ม(ขวด) 1 L.,https://popstarshops.com/assets/uploads/category-snack.webp
ผงชูรส อายิโน๊ะทะกะระ 12.5 kg.,https://popstarshops.com/assets/uploads/category-snack.webp
น้ำปลา ตราครัวดี 700ml.,https://popstarshops.com/assets/uploads/category-snack.webp
น้ำส้มสายชู ตราครัวดี 700ml.,https://popstarshops.com/assets/uploads/category-snack.webp
คนอร์ ซุปก้อนรสหมู 40g,https://popstarshops.com/assets/uploads/category-snack.webp
"ซอสเคลือบไก่บาร์บีคิว เพียวฟูดส์ 1,000g.",https://popstarshops.com/assets/uploads/category-snack.webp
"ซอสเคลือบไก่พริกเกาหลี เพียวฟูดส์ 1,000g.",https://popstarshops.com/assets/uploads/category-snack.webp
"ซอสเคลือบไก่ฮอตแอนสไปซี่ เพียวฟูดส์ 1,000g.",https://popstarshops.com/assets/uploads/category-snack.webp
"ซอสเคลือบไก่เผ็ดx2 เพียวฟูดส์ 1,000g.",https://popstarshops.com/assets/uploads/category-snack.webp
น้ำสลัดโบราณ เพียวฟูดส์ 450g.,https://popstarshops.com/assets/uploads/category-snack.webp
สาคูเม็ดเล็ก ตราแมว 500g.,https://popstarshops.com/assets/uploads/category-snack.webp
สาคูหยก ตราแมว 400g.,https://popstarshops.com/assets/uploads/category-snack.webp
Maxปอเปี๊ยะ ผืนผ้า 11*22ซม. 500g.,https://popstarshops.com/assets/uploads/category-snack.webp
Maxปอเปี๊ยะ เหลี่ยม 22ซม. 500g.,https://popstarshops.com/assets/uploads/category-snack.webp
ผงวุ้นเพชร 25g.,https://popstarshops.com/assets/uploads/category-snack.webp
สาหร่ายแห้ง 22g.,https://popstarshops.com/assets/uploads/category-snack.webp
ติ่งฟง กลิ่นน้ำแตงโม 760ml.,https://popstarshops.com/assets/uploads/category-snack.webp
โบนัส น้ำมันปาล์ม(ถุงเติม) 1 L.,https://popstarshops.com/assets/uploads/category-snack.webp
ฉั่วอะเส็ง น้ำพริกเผาสูตรเบเกอรี่ แพ็ค 500g.,https://popstarshops.com/assets/uploads/category-snack.webp
โอชา น้ำพริกเผา แพ็ค 500g.,https://popstarshops.com/assets/uploads/category-snack.webp
ผงชูรส อายิโนะทะกะระ 1 kg.,https://popstarshops.com/assets/uploads/category-snack.webp
ผงชูรส อายิโนะทะกะระ 500g.,https://popstarshops.com/assets/uploads/category-snack.webp
น้ำจิ้มสุกี้ MK ต้นตำหรับ 350g.,https://popstarshops.com/assets/uploads/category-snack.webp
มังกรบิน ชาเขียวนม 200g.,https://popstarshops.com/assets/uploads/category-snack.webp
มังกรบิน ชาแดงผงกลิ่นวานิลา 450g.,https://popstarshops.com/assets/uploads/category-snack.webp
มังกรบิน กาแฟ ฟ้า-ขาว 1 kg.,https://popstarshops.com/assets/uploads/category-snack.webp
มังกรบิน กาแฟมังกรโบราณ สูตร2 400g.,https://popstarshops.com/assets/uploads/category-snack.webp
มังกรบิน(คน) ชาเขียวนม 200g.,https://popstarshops.com/assets/uploads/category-snack.webp
เม็ดไข่มุก ตราเพชร 7mm. สีดำ 1 kg.,https://popstarshops.com/assets/uploads/category-snack.webp
ชาตรามือ ใบชาแดงอัสสัม 250g.,https://popstarshops.com/assets/uploads/category-snack.webp
"เกลือตราเพชร แพ็ค 1,000g.",https://popstarshops.com/assets/uploads/category-snack.webp
ผงรสมะนาว ฟ้าไทย 70g.,https://popstarshops.com/assets/uploads/category-snack.webp
ซอสเย็นตาโฟ นกขั้วโลก 800ml.,https://popstarshops.com/assets/uploads/category-snack.webp
น้ำซุปหม่าล่าเข้มข้น ฟ้าไทย 150ml.,https://popstarshops.com/assets/uploads/category-snack.webp
น้ำซุปชาบูเข้มข้น ฟ้าไทย 200ml.,https://popstarshops.com/assets/uploads/category-snack.webp
รสดี รสต้มยำน้ำข้นรสดีเมนู 60g.,https://popstarshops.com/assets/uploads/category-snack.webp
คนอร์ ซุปก้อนรสต้มยำ 72g,https://popstarshops.com/assets/uploads/category-snack.webp
"โอชา น้ำพริกเผา แพ็ค 1,000g.",https://popstarshops.com/assets/uploads/category-snack.webp
แม็กกี้ ซอสปรุงอาหารสูตรเข้มข้นเข้าเนื้อ 200ml.,https://popstarshops.com/assets/uploads/category-snack.webp
ซอสมะเขือเทศ ไฮน์ 300g.,https://popstarshops.com/assets/uploads/category-snack.webp
น้ำซุปแจ่วฮ้อนเข้มข้น ฟ้าไทย 170ml.,https://popstarshops.com/assets/uploads/category-snack.webp
"น้ำตาลปึก บ้านตาลปึก 1,000g.",https://popstarshops.com/assets/uploads/category-snack.webp
ซอสหอยนางรม ราชารส 4.5 L.,https://popstarshops.com/assets/uploads/category-snack.webp
พริกไทยป่นแท้ ตราจันท์(แดง) 50g.,https://popstarshops.com/assets/uploads/category-snack.webp
น้ำใบย่านาง ตรานาคาย่า 320 มล.,https://popstarshops.com/assets/uploads/category-snack.webp
น้ำซุปกระดูกหมูเข้มข้น ฟ้าไทย 120ml.,https://popstarshops.com/assets/uploads/category-snack.webp
น้ำซุปต้มยำน้ำข้นเข้มข้น ฟ้าไทย 120ml.,https://popstarshops.com/assets/uploads/category-snack.webp
น้ำซุปก๋วยเตี๋ยวเรือหม้อไฟ ฟ้าไทย 120ml.,https://popstarshops.com/assets/uploads/category-snack.webp
"กะทิทวีรส ตราทวีวงศ์ 1,000ml.",https://popstarshops.com/assets/uploads/category-snack.webp
"น้ำจิ้มคุณนิด สูตรดั้งเดิม 1,000g.",https://popstarshops.com/assets/uploads/category-snack.webp
ชากวางกล่อง-ชาแดง 500กรัม,https://popstarshops.com/assets/uploads/category-snack.webp
ถั่วลิสง ซีก(อบเหลือง) ไร่ทิพย์ 500g.,https://popstarshops.com/assets/uploads/category-snack.webp
"น้ำตาลมะพร้าว(ชนิดปึก) เสน่ห์อัมพวา 1,000g.",https://popstarshops.com/assets/uploads/category-snack.webp
"น้ำตาลมะพร้าว(ชนิดขูด) เสน่ห์อัมพวา 1,000g.",https://popstarshops.com/assets/uploads/category-snack.webp
น้ำตาลกรวด เสน่ห์อัมพวา 500g.,https://popstarshops.com/assets/uploads/category-snack.webp
น้ำตาลปิ๊บ เสน่ห์อัมพวา 500g.,https://popstarshops.com/assets/uploads/category-snack.webp
น้ำจิ้มลูกชิ้น ตราฤทัยทิพ สูตรโบราณ แพ็ค 1กก.,https://popstarshops.com/assets/uploads/category-snack.webp
"น้ำจิ้มลูกชิ้นปิ่นทิพย์ สูตรมะขาม (ถุง)1,000g.",https://popstarshops.com/assets/uploads/category-snack.webp
พริกป่น ไร่ทิพย์ 500g.,https://popstarshops.com/assets/uploads/category-snack.webp
ยำยำ(คัพ) รสสุกี้ทะเล 60g.,https://popstarshops.com/assets/uploads/category-snack.webp
มาม่า โจ๊กคัพรสหมู 35g.,https://popstarshops.com/assets/uploads/category-snack.webp
"น้ำจิ้มคุณนิด สูตรจัดจ้าน 1,000g.",https://popstarshops.com/assets/uploads/category-snack.webp
ติ่งฟง กลิ่นโยเกิร์ต 760ml.,https://popstarshops.com/assets/uploads/category-snack.webp
พริกผัดน้ำมันหอมเจียว ตรากิโลทอง 180g,https://popstarshops.com/assets/uploads/category-snack.webp
น้ำมันงาใต้เชียง ตรากิโลทอง 100g.,https://popstarshops.com/assets/uploads/category-snack.webp
อร่อยดี กะทิ100% 150ml.,https://popstarshops.com/assets/uploads/category-snack.webp
สุธารส ซอสหม่าล่า 100g,https://popstarshops.com/assets/uploads/category-snack.webp
สุธารส ผงปรุงรส พริกหม่าล่า 200g,https://popstarshops.com/assets/uploads/category-snack.webp
น้ำมะขามเปียก ปรุงรสไทย 710g.,https://popstarshops.com/assets/uploads/category-snack.webp
น้ำมันหอย ตราครัวดี 4.5 L,https://popstarshops.com/assets/uploads/category-snack.webp
ผงชูรส อายิโนะทะกะระ 80g.,https://popstarshops.com/assets/uploads/category-snack.webp
ผงชูรส อายิโนะทะกะระ 250g. (80ซอง/ลัง).,https://popstarshops.com/assets/uploads/category-snack.webp
น้ำมะนาว ตราครัวดี 700ml.,https://popstarshops.com/assets/uploads/category-snack.webp
"แม็กกี้ ผงปรุงอาหารสูตรเชฟซีเคร็ท 1,000g.",https://popstarshops.com/assets/uploads/category-snack.webp
"แม็กกี้ ซอสหอยนางรม 1,000g.",https://popstarshops.com/assets/uploads/category-snack.webp
UFM แป้งว่าว 1 kg.,https://popstarshops.com/assets/uploads/category-snack.webp
กระเทียมเจียว ตองเคจ์ 500g.,https://popstarshops.com/assets/uploads/category-snack.webp
น้ำส้มสายชู 5% ตราราชารส 4.5 L.,https://popstarshops.com/assets/uploads/category-snack.webp
ติ่งฟง ผงแคนตาลูป 150g.,https://popstarshops.com/assets/uploads/category-snack.webp
ติ่งฟง ผงชาเขียวญี่ปุ่น 150g.,https://popstarshops.com/assets/uploads/category-snack.webp
ติ่งฟง ผงเผือก 150g.,https://popstarshops.com/assets/uploads/category-snack.webp
พริกเผา ฉั่วฮะเส็ง 450g,https://popstarshops.com/assets/uploads/category-snack.webp
พริกเผา ฉั่วฮะเส็ง 900g,https://popstarshops.com/assets/uploads/category-snack.webp
กระเทียมเจียว กิโลทอง 500g.,https://popstarshops.com/assets/uploads/category-snack.webp
พริกไทยเม็ดขาว ไร่ทิพย์ 100g.,https://popstarshops.com/assets/uploads/category-snack.webp
พริกไทยเม็ดดำ ไร่ทิพย์ 100g.,https://popstarshops.com/assets/uploads/category-snack.webp
ก๋วยเตี๋ยวแห้ง ตราล้อมวง 120g,https://popstarshops.com/assets/uploads/category-snack.webp
น้ำซุปแจ่วฮ้อน รสดั้งเดิม ตราล้อมวง,https://popstarshops.com/assets/uploads/category-snack.webp
น้ำซุปแจ่วฮ้อน รสขม ตราล้อมวง,https://popstarshops.com/assets/uploads/category-snack.webp
น้ำกระเทียมดอง แม่เภา 220ml.,https://popstarshops.com/assets/uploads/category-snack.webp
แม่เภา น้ำปลาร้า 430 ml.,https://popstarshops.com/assets/uploads/category-snack.webp
คนอร์ ซุปก้อนรสหมู 120g,https://popstarshops.com/assets/uploads/category-snack.webp
คนอร์ แป้งข้าวโพด 200g.,https://popstarshops.com/assets/uploads/category-snack.webp
คนอร์ แป้งข้าวโพด 700g.,https://popstarshops.com/assets/uploads/category-snack.webp
คนอร์ แป้งทอดกรอบ 120g.,https://popstarshops.com/assets/uploads/category-snack.webp
พริกป่น ไร่ผลทอง แพ็ค 500g,https://popstarshops.com/assets/uploads/category-snack.webp
น้ำมะขามเปียก คูุ่แฝด 200g.,https://popstarshops.com/assets/uploads/category-snack.webp
อังเคิลบาร์นส์ แป้งทอดกรอบ แพ็ค 1 kg.,https://popstarshops.com/assets/uploads/category-snack.webp
เบสท์ โอเดอร์ เบคกิ้งโซดา(โซดากิน) แพ็ค 500g. (12ถุง/กล่อง,https://popstarshops.com/assets/uploads/category-snack.webp
โรซ่าซอสมะเขือเทศ 10 g.,https://popstarshops.com/assets/uploads/category-snack.webp
โรซ่าซอสพริก 10 g.,https://popstarshops.com/assets/uploads/category-snack.webp
น้ำมะขามเปียกเข้มข้น ตราแม่เภา 400 ml.,https://popstarshops.com/assets/uploads/category-snack.webp
แป้งทอดกรอบ ตราสิงห์ดาว 1000 g.,https://popstarshops.com/assets/uploads/category-snack.webp
สาหร่ายแห้งปรุงรส ตรา สามบัว 20 g.,https://popstarshops.com/assets/uploads/category-snack.webp
มรกต น้ำมันปาล์ม(ขวด) 1 L.,https://popstarshops.com/assets/uploads/category-snack.webp
แม็กกี้ ซอสเหยาะจิ้ม 200ml.,https://popstarshops.com/assets/uploads/category-snack.webp
ทิพรส น้ำปลาแท้ 300 ml.,https://popstarshops.com/assets/uploads/category-snack.webp
รสดี ผงปรุงรสรสหมู 70g.,https://popstarshops.com/assets/uploads/category-snack.webp
รสดี ผงปรุงรสรสหมู 165g.,https://popstarshops.com/assets/uploads/category-snack.webp
หยก น้ำมันปาล์ม(ขวด) 1 L.,https://popstarshops.com/assets/uploads/category-snack.webp
ทับทิม น้ำมันปาล์ม(ขวด) 1 L.,https://popstarshops.com/assets/uploads/category-snack.webp
Mozzarella cheese แพ็ค1000กรัม,https://popstarshops.com/assets/uploads/category-snack.webp
วาซาบิ ซาเซต 2.5 g.,https://popstarshops.com/assets/uploads/category-snack.webp
Yummy ผงปรุงรส รสฮอท&สไปซี่ 100g.,https://popstarshops.com/assets/uploads/category-snack.webp
Yummy ผงปรุงรส รสชีส 100g.,https://popstarshops.com/assets/uploads/category-snack.webp
Yummy ผงปรุงรส รสโนริสาหร่าย 100g.,https://popstarshops.com/assets/uploads/category-snack.webp
Yummy ผงปรุงรส รสวิงซ์แซ่บ 100g.,https://popstarshops.com/assets/uploads/category-snack.webp
Yummy ผงปรุงรส รสบาร์บีคิว 100g.,https://popstarshops.com/assets/uploads/category-snack.webp
Yummy ผงปรุงรส รสชีส 25g.,https://popstarshops.com/assets/uploads/category-snack.webp
ซอสทะเขือเทศ โรซ่า (ขวด) 200g.,https://popstarshops.com/assets/uploads/category-snack.webp
ซอสหอยนางรม แม่ครัว 150 ml.,https://popstarshops.com/assets/uploads/category-snack.webp
รสดี เครื่องพะโล้รสดีเมนู 60g.,https://popstarshops.com/assets/uploads/category-snack.webp
คนอร์ โจ๊กคัพรสหมู 32g.,https://popstarshops.com/assets/uploads/category-snack.webp
รสดี หมักย่างรสดีเมนู 60g.,https://popstarshops.com/assets/uploads/category-snack.webp
รสดี ผงปรุงรสรสหมู 400g. (5ซอง/แพ็ค),https://popstarshops.com/assets/uploads/category-snack.webp
กะปิตราเรือใบฝาเหลือง 110g,https://popstarshops.com/assets/uploads/category-snack.webp
แม็กกี้ ซอสเหยาะจิ้ม 100ml.,https://popstarshops.com/assets/uploads/category-snack.webp
รสดี น้ำยำรสดีเมนู 40g.,https://popstarshops.com/assets/uploads/category-snack.webp
คาร์เนชันเอ็กซ์ตร้า สูตรเข้มข้น 369ml.,https://popstarshops.com/assets/uploads/category-snack.webp
ซอสพริก โรซ่า (ขวดบีบ) 250g,https://popstarshops.com/assets/uploads/category-snack.webp
แซ่บไมค์ น้ำปลาร้าปรุงสุก 330 ml.,https://popstarshops.com/assets/uploads/category-snack.webp
ซอสพริก โรซ่า (ขวด) 200g.,https://popstarshops.com/assets/uploads/category-snack.webp
เมกาเซฟ น้ำปลาแท้ 200ml.,https://popstarshops.com/assets/uploads/category-snack.webp
พริกไทยเม็ด(ดำ),https://popstarshops.com/assets/uploads/category-snack.webp
"น้ำมะนาว ฟ้าไทย 1,000ml.",https://popstarshops.com/assets/uploads/category-snack.webp
กระทิผงสำเร็จรูป 60 กรัม,https://popstarshops.com/assets/uploads/category-snack.webp
Yummy ผงปรุงรส รสข้าวโพด 100g.,https://popstarshops.com/assets/uploads/category-snack.webp
Yummy ผงปรุงรส รสพิซซ่า 100g.,https://popstarshops.com/assets/uploads/category-snack.webp
Yummy ผงปรุงรส รสแซ่บจี๊ด 100g.,https://popstarshops.com/assets/uploads/category-snack.webp
Yummy ผงปรุงรส รสวาซาบิ 500g.,https://popstarshops.com/assets/uploads/category-snack.webp
Yummy ผงปรุงรส รสกลิ่นซอสโคชูจัง 500g.,https://popstarshops.com/assets/uploads/category-snack.webp
เม็ดไข่มุก ตราผึ้ง สีดำ 1 kg.,https://popstarshops.com/assets/uploads/category-snack.webp
ครีมเทียมดรีมมี่ฟ้า 1 kg.,https://popstarshops.com/assets/uploads/category-snack.webp
นมสดกูีดวิล Good will กล่อง,https://popstarshops.com/assets/uploads/category-snack.webp
นมข้นกู๊ดวิล Good willถุง2กก.,https://popstarshops.com/assets/uploads/category-snack.webp
นมสดทีพอท Extra พร่องไขมัน(จืด) 1 L.,https://popstarshops.com/assets/uploads/category-snack.webp
ครีมเทียมข้นหวานคาร์เนชั่น 2 kg.,https://popstarshops.com/assets/uploads/category-snack.webp
ครีมเทียมข้นหวานทีพอท 2 kg.,https://popstarshops.com/assets/uploads/category-snack.webp
ครีมเทียมมิสเตอร์เซฟ 1 kg.,https://popstarshops.com/assets/uploads/category-snack.webp
นมสดคาร์ชั่น สูตรไข่เจียว 405g.,https://popstarshops.com/assets/uploads/category-snack.webp
โกโก้ดรีมมี่,https://popstarshops.com/assets/uploads/category-snack.webp
ครีมเทียมข้นหวานทีพอทกระป๋อง 380g.,https://popstarshops.com/assets/uploads/category-snack.webp
PFS วิปปิ้งครีมหวานดริมมี่ 500g.,https://popstarshops.com/assets/uploads/category-snack.webp
สตรอเบอรี่แช่แข็ง 1 kg.,https://popstarshops.com/assets/uploads/category-snack.webp
IMPERIAL บัตเตอร์เบลนด์(จืด) 200g,https://popstarshops.com/assets/uploads/category-snack.webp
"อลาวรี่ "" เนยแท้ชนิดเค็ม 8g.",https://popstarshops.com/assets/uploads/category-snack.webp
DAIRYGOLD เซดด้าชีสแผ่น 12 สไลซ์ 216g,https://popstarshops.com/assets/uploads/category-snack.webp
IMPERIAL เซดด้าชีส 6 สไลซ์ 125g,https://popstarshops.com/assets/uploads/category-snack.webp
"อลาวรี่ "" เซดด้าชีส 6 สไลซ์ 125g",https://popstarshops.com/assets/uploads/category-snack.webp
DAIRYGOLD มอสซาเรลล่าแผ่น 2sl 34g,https://popstarshops.com/assets/uploads/category-snack.webp
แม็กกาแรด เบกิ้งโซดา 300g.,https://popstarshops.com/assets/uploads/category-snack.webp
แม็กกาแรด เจลาติน 100g.,https://popstarshops.com/assets/uploads/category-snack.webp
นมสดคาร์เนชั่น เอ็กตร้า กล่อง 1 L.,https://popstarshops.com/assets/uploads/category-snack.webp
เม็ดไข่มุก ตราเพชร 9mm. สีดำ 1 kg.,https://popstarshops.com/assets/uploads/category-snack.webp
กุหลาบฟู้ดส์ วุ้นขาวใหญ่ รสน้ำเชื่อม 14mm. (15แพ็ค/ลัง แถม 1,https://popstarshops.com/assets/uploads/category-snack.webp
นมสดนกเหยี่ยว Extra (กล่อง) 1 L.,https://popstarshops.com/assets/uploads/category-snack.webp
Mozzarella cheese แพ็ค1000กรัม,https://popstarshops.com/assets/uploads/category-snack.webp
สตรอเบอรี่ สเวิร์ล75ml,https://popstarshops.com/assets/uploads/category-snack.webp
ฮอกไกโดมิลด์ แอนชิพ 75ml,https://popstarshops.com/assets/uploads/category-snack.webp
เบอร์รี่ ไบรท์ ทวินส์,https://popstarshops.com/assets/uploads/category-snack.webp
ริสแคกเกอร์,https://popstarshops.com/assets/uploads/category-snack.webp
สแน็คแจ๊ค รสดั้งเดิม,https://popstarshops.com/assets/uploads/category-snack.webp
ไข่ไก่ เบทาโกร เบอร์ #0,https://popstarshops.com/assets/uploads/category-chicken.webp
พริกขี้หนูสวนป่น ไร่ทิพย์ 100g.,https://popstarshops.com/assets/uploads/category-snack.webp
พริกไทยเม็ดดำ ไร่ทิพย์ 12g.,https://popstarshops.com/assets/uploads/category-snack.webp
พริกไทยเม็ดขาว ไร่ทิพย์ 12g.,https://popstarshops.com/assets/uploads/category-snack.webp
เห็ดหอมแห้ง 100g,https://popstarshops.com/assets/uploads/category-snack.webp
พริกไทยขาวป่น ตราจันท์ 50g.,https://popstarshops.com/assets/uploads/category-snack.webp
กระเทียมเจียว ไร่ทิพย์ 500g.,https://popstarshops.com/assets/uploads/category-snack.webp
พริกไทยป่นแท้ ตรามด 30g.,https://popstarshops.com/assets/uploads/category-snack.webp
หอมเจียว ไร่ทิพย์ แพ็ค 500g.,https://popstarshops.com/assets/uploads/category-snack.webp
หอมเจียว ไร่ทิพย์ 100g.,https://popstarshops.com/assets/uploads/category-snack.webp
กระเทียมเจียว ถุงใส 500g.,https://popstarshops.com/assets/uploads/category-snack.webp
ถั่วลิสงป่น(ถุงเขียว) ไร่ทิพย์ 500g.,https://popstarshops.com/assets/uploads/category-snack.webp
งาขาว ไร่ทิพย์ 500g.,https://popstarshops.com/assets/uploads/category-snack.webp
งาขาว ไร่ทิพย์ 100g.,https://popstarshops.com/assets/uploads/category-snack.webp
พริกไทยเม็ดขาว พรพิชิต,https://popstarshops.com/assets/uploads/category-snack.webp
พริกไทยเม็ดดำ พรพิชิต,https://popstarshops.com/assets/uploads/category-snack.webp
เครื่องพะโล้ขาหมู ราชา 35g.,https://popstarshops.com/assets/uploads/category-snack.webp
ถั่วเขียว ไร่ทิพย์ 500g.,https://popstarshops.com/assets/uploads/category-snack.webp
ถั่วลิสงป่น(ถุงฟ้า) ไร่ทิพย์ 500g.,https://popstarshops.com/assets/uploads/category-snack.webp
พริกแกงเผ็ด 500g.,https://popstarshops.com/assets/uploads/category-snack.webp
มะขามเปียก,https://popstarshops.com/assets/uploads/category-snack.webp
พริกป่น 2A เทียมประเสริฐ 500g.,https://popstarshops.com/assets/uploads/category-snack.webp
กระเทียมเจียว ถุงใส แพ็ค 100g.,https://popstarshops.com/assets/uploads/category-snack.webp
