category,name,price
หมูหมัก/ไก่หมัก1,กุ้งเด้ง (ทรงเครื่อง) 200g.,฿ 35–575 บาท/กก.
หมูหมัก/ไก่หมัก1,สามชั้นหมักงา แพ็ค 1 kg.(กล่อง 10 kg.) หมูสวรรค์,"฿ 125–1,250 บาท/กก."
หมูหมัก/ไก่หมัก1,หมูเด้ง (อารีย์) 500g.,฿ 65–700 บาท/กก.
หมูหมัก/ไก่หมัก1,สามชั้นหมักนุ่ม แพ็ค 1 kg.(กล่อง 10 kg.)หมูสวรรค์,"฿ 125–1,250 บาท/กก."
หมูหมัก/ไก่หมัก1,หมูปิ้ง.POPSTAR (นมสด)(ไม้10บาท) แพ็ค52ไม้,฿ 300 บาท/กก.
หมูหมัก/ไก่หมัก1,สามชั้นหมักงา SP แพ็ค 5กก.,฿ 129 บาท/กก.
หมูหมัก/ไก่หมัก1,สามชั้นหมักนุ่ม SP แพ็ค 5กก.,฿ 129 บาท/กก.
หมูหมัก/ไก่หมัก1,หมูหมักนุ่ม (A) SP แพ็ค 5กก.,฿ 107 บาท/กก.
หมูหมัก/ไก่หมัก1,หมูหมักงา (A) SP แพ็ค 5กก.,฿ 107 บาท/กก.
หมูหมัก/ไก่หมัก1,หมูหมักพริกไทยดำ (A) SP แพ็ค 5กก.,฿ 107 บาท/กก.
หมูหมัก/ไก่หมัก1,หมูหมักน้ำผึ้ง (A) SP แพ็ค 5กก.,฿ 107 บาท/กก.
หมูหมัก/ไก่หมัก1,สามชั้นหมักพริกไทยดำ SP แพ็ค 5กก.,฿ 129 บาท/กก.
หมูหมัก/ไก่หมัก1,หมูหมักนุ่ม (อร่อย) แพ็ค 5กก.,฿ 95 บาท/กก.
หมูหมัก/ไก่หมัก1,หมูหมักงา (อร่อย) แพ็ค 5กก.,฿ 95 บาท/กก.
หมูหมัก/ไก่หมัก1,หมูหมักน้ำผึ้ง (อร่อย) แพ็ค 5กก.,฿ 95 บาท/กก.
หมูหมัก/ไก่หมัก1,หมูหมักพริกไทยดำ(อร่อย) แพ็ค 5กก.,฿ 95 บาท/กก.
หมูหมัก/ไก่หมัก1,สามชั้นหมักพริกไทยดำ (อร่อย) แพ็ค 5กก.,฿ 119 บาท/กก.
หมูหมัก/ไก่หมัก1,สามชั้นหมักนุ่ม (อร่อย) แพ็ค 5กก.,฿ 119 บาท/กก.
หมูหมัก/ไก่หมัก1,สามชั้นหมักงา (อร่อย) แพ็ค 5กก..,฿ 119 บาท/กก.
หมูหมัก/ไก่หมัก1,หมูปิ้ง.ก๋งป๊อก (โบราณ)(ไม้10บาท) แพ็ค62ไม้,฿ 390 บาท/กก.
หมูหมัก/ไก่หมัก1,หมูปิ้ง.ก๋งป๊อก (นมสด)(ไม้5บาท) แพ็ค104ไม้,฿ 330 บาท/กก.
หมูหมัก/ไก่หมัก1,หมูปิ้งหมักนมเสียบไม้ 1250 g. เบทาโกร,฿ 150 บาท/กก.
หมูหมัก/ไก่หมัก1,หมูปิ้ง.ATM (นมสด)(ไม้10บาท) 2.8kg แพ็ค52ไม้,฿ 50–300 บาท/กก.
หมูหมัก/ไก่หมัก1,หมูปิ้ง.ATM (โบราณ)(ไม้5บาท) 1.2kg แพ็ค54ไม้,฿ 50–160 บาท/กก.
หมูหมัก/ไก่หมัก1,ไก่บดภรฟูดส์ แพ็ค 1 kg.,฿ 60–295 บาท/กก.
หมูหมัก/ไก่หมัก1,หมูหมักพริกไทยดำ แพ็ค 1 kg. (กล่อง10kg.) หมูสวรรค์,฿ 90–900 บาท/กก.
หมูหมัก/ไก่หมัก1,หมูหมักนุ่ม แพ็ค 1 kg. (กล่อง10kg.) หมูสวรรค์,฿ 90–900 บาท/กก.
หมูหมัก/ไก่หมัก1,หมูหมักน้ำผึ้ง แพ็ค 1 kg. (กล่อง10kg.) หมูสวรรค์,฿ 90–900 บาท/กก.
หมูหมัก/ไก่หมัก1,สามชั้นหมักพริกไทยดำ แพ็ค 1 kg.(กล่อง 10 kg.)หมูสวรรค์,"฿ 125–1,250 บาท/กก."
หมูหมัก/ไก่หมัก1,หมูเด้ง (อารีย์) 200g.,฿ 40–700 บาท/กก.
หมูหมัก/ไก่หมัก1,หมูหมักน้ำมันงา แพ็ค 1 kg. (กล่อง10kg.) หมูสวรรค์,฿ 90–900 บาท/กก.
หมูหมัก/ไก่หมัก1,หมูกระทะชั่งกิโล.,฿ 129–159 บาท/กก.
ชิ้นส่วนหมู,ไส้ตันใหญ่ (ลวก) ถุง5kg..,฿ 145 บาท/กก.
ชิ้นส่วนหมู,ไส้ตันกลาง (ลวก) ถุง5kg.,฿ 845 บาท/กก.
ชิ้นส่วนหมู,จี๊หมู (10kg.) กล่องขาว,฿ 105 บาท/กก.
ชิ้นส่วนหมู,นมหมู ถุงใส,฿ 289 บาท/กก.
ชิ้นส่วนหมู,สะโพกหมูถุงใส,฿ 129 บาท/กก.
ชิ้นส่วนหมู,สามชั้นแผ่น (กล่อง) น้ำหนักข้างกล่อง,฿ 209 บาท/กก.
ชิ้นส่วนหมู,ขาหมูขาหลัง เบทาโกร,฿ 79–99 บาท/กก.
ชิ้นส่วนหมู,แก้มหมู แพ็ค 2กก. ถุง10กก.,"฿ 240–1,200 บาท/กก."
ชิ้นส่วนหมู,หนังหมู,฿ 105 บาท/กก.
ชิ้นส่วนหมู,หนังหมูไทยน้ำหนักชั่งออก,฿ 90–110 บาท/กก.
ชิ้นส่วนหมู,สันคอหมู เบทาโกร,฿ 169–210 บาท/กก.
ชิ้นส่วนหมู,สันนอกหมู เบทาโกร,฿ 175 บาท/กก.
ชิ้นส่วนหมู,ไส้ตันเล็ก (สด) กล่อง 10 kg.,"฿ 1,600 บาท/กก."
ชิ้นส่วนหมู,สามชั้นแผ่น เบทาโกร,฿ 189 บาท/กก.
ชิ้นส่วนหมู,หูหมู,฿ 105 บาท/กก.
ชิ้นส่วนหมู,สะโพกหมู เบทาโกร,฿ 130 บาท/กก.
ชิ้นส่วนหมู,ไส้ตันกลาง (สด) กล่อง 10 kg.,"฿ 1,500 บาท/กก."
ชิ้นส่วนหมู,จมูกหมู ชั่งน้ำหนัก,฿ 87 บาท/กก.
ชิ้นส่วนหมู,สะโพกหมู CP,฿ 119 บาท/กก.
ชิ้นส่วนหมู,คอแร่หมู แพ็ค 1กก.,฿ 120–600 บาท/กก.
ชิ้นส่วนหมู,คอหมูย่าง แพ็ค 1กก.,฿ 169–795 บาท/กก.
ชิ้นส่วนหมู,คอต่อหมู แพ็ค 1กก.,฿ 90–445 บาท/กก.
ชิ้นส่วนหมู,ไส้หวานหมู แพ็ค 1 kg.,฿ 55–275 บาท/กก.
ชิ้นส่วนหมู,ขั้วตับหมู กล่อง15 kg.,"฿ 2,535 บาท/กก."
ชิ้นส่วนหมู,ไส้ใหญ่หมู แพ็ค2กก.,฿ 90 บาท/กก.
ชิ้นส่วนหมู,จี๊หมู เบทาโกร,฿ 69 บาท/กก.
ชิ้นส่วนหมู,ไส้ใหญ่หมู เบทาโกร แพ็ค 1 kg.,฿ 40–200 บาท/กก.
ชิ้นส่วนหมู,แก้มหมู แพ็ค2กก.,฿ 240–960 บาท/กก.
ชิ้นส่วนหมู,กระเพาะหมู เบทาโกร แพ็ค 1 kg.,฿ 50–500 บาท/กก.
ชิ้นส่วนหมู,ขาหมูเยอรมัน เบทาโกร แพ็ค 700g,฿ 200 บาท/กก.
ชิ้นส่วนหมู,เนื้อคางหมูติดมัน เบทาโกร,฿ 300 บาท/กก.
ชิ้นส่วนหมู,เศษเนื้อหมู ชั่งน้ำหนัก,฿ 99 บาท/กก.
ชิ้นส่วนหมู,คอต่อหมู แพ็ค2กก. 10กก.,฿ 178–890 บาท/กก.
ชิ้นส่วนหมู,หน้ากากหมู เบทาโกร,฿ 45 บาท/กก.
ชิ้นส่วนหมู,ตับหมู เบทาโกร แพ็ค 1 kg.,฿ 65–650 บาท/กก.
ชิ้นส่วนหมู,จี๊หมู ชั่งน้ำหนัก,฿ 105 บาท/กก.
ชิ้นส่วนหมู,หน้ากากหมู 5กก.,฿ 325–610 บาท/กก.
ชิ้นส่วนหมู,ลิ้นหมู2กก. ถุง10กก.,"฿ 260–1,150 บาท/กก."
ชิ้นส่วนหมู,ตับหมู กล่องขาว,฿ 100 บาท/กก.
ชิ้นส่วนหมู,หมูป่า แพ็ค 1กก.,฿ 180–900 บาท/กก.
ชิ้นส่วนหมู,ลิ้นหมู ชั่ง กก,฿ 130 บาท/กก.
ชิ้นส่วนหมู,**หัวไหล่หมูสด ชั่ง กก,฿ 179 บาท/กก.
ไก่สด,BB-B (บีบี-บล๊อค) ก้าวหน้า,฿ 385 บาท/กก.
ไก่สด,ขาซีไก่ เบทาโกร แพ็ค 1 kg.,฿ 65–650 บาท/กก.
ไก่สด,เนื้อสันในไก่,฿ 89 บาท/กก.
ไก่สด,ปีกบน สหฟาร์ม ถุง 10 กก.,฿ 790 บาท/กก.
ไก่สด,ถุงทอง ก้าวหน้า,฿ 375 บาท/กก.
ไก่สด,ตับไก่ Silver ถุง 5 กก.,฿ 395 บาท/กก.
ไก่สด,ปีกบนไก่ GF,฿ 395–850 บาท/กก.
ไก่สด,กระดูกอ่อนไก่ ก้าวหน้า,฿ 46–395 บาท/กก.
ไก่สด,เลือดไก่ ก้าวหน้า,฿ 7–60 บาท/กก.
ไก่สด,ขาซีเล็ก ก้าวหน้า,฿ 81 บาท/กก.
ไก่สด,ขาซีใหญ่ ก้าวหน้า,฿ 69 บาท/กก.
ไก่สด,ปีกบน ก้าวหน้า,฿ 89 บาท/กก.
ไก่สด,ปลายปีก/ปลายแหลม ก้าวหน้า,฿ 29 บาท/กก.
ไก่สด,ตับไก่ล้วน ก้าวหน้า,฿ 89 บาท/กก.
ไก่สด,เครื่องในผ่า ก้าวหน้า,฿ 335 บาท/กก.
ไก่สด,โครงไก่ ก้าวหน้า,฿ 22 บาท/กก.
ไก่สด,ข้อยาว ก้าวหน้า,฿ 52 บาท/กก.
ไก่สด,BB (เนื้ออกไก่) ก้าวหน้า,฿ 90 บาท/กก.
ไก่สด,เอ็นไก่ ก้าวหน้า,฿ 169 บาท/กก.
ไก่สด,ปีกปลาย/ปีกตัด ก้าวหน้า,฿ 109 บาท/กก.
ไก่สด,ปีกเต็ม ก้าวหน้า,฿ 89 บาท/กก.
ไก่สด,หนังอกไก่ เบทาโกร แพ็ค 1 kg.,฿ 50–500 บาท/กก.
ไก่สด,บั้นท้ายไก่ ก้าวหน้า,฿ 85 บาท/กก.
ไก่สด,ขายำ,฿ 79–100 บาท/กก.
ไก่สด,น่องติดสะโพกไก่ก้าวหน้า 10 kg.,฿ 79 บาท/กก.
ไก่สด,เศษBL ก้าวหน้า,฿ 69 บาท/กก.
ไก่สด,เครื่องในเม็ด ก้าวหน้า,฿ 260 บาท/กก.
ไก่สด,อกไก่ เบทาโกร,฿ 425 บาท/กก.
ไก่สด,อกไก่ CP,฿ 385 บาท/กก.
ไก่สด,สันในไก่ เบทาโกร,฿ 445 บาท/กก.
ไก่แช่แข็ง,ไก่แม่พันธ์ฟ้า,฿ 175 บาท/กก.
ไก่แช่แข็ง,เศษBL แพ็ค2กก. กล่อง12kg.,฿ 150–804 บาท/กก.
ไก่แช่แข็ง,ไก่NY 5ตัว,฿ 650 บาท/กก.
ไก่แช่แข็ง,น่องติดสะโพก แพค 2 kg.,฿ 170–948 บาท/กก.
ไก่แช่แข็ง,ปีกบนไก่ ซันฟูดส์ แพ็ค2kg.,฿ 170–900 บาท/กก.
ไก่แช่แข็ง,น่องติดสะโพกไก่ CP,฿ 435 บาท/กก.
ไก่แช่แข็ง,ปีกปลาย/ปีกตัด ก้าวหน้า,฿ 585 บาท/กก.
ไก่แช่แข็ง,ขาซีไก่ ซันเเวลเล่ย์ แพ็ค 2 kg.,"฿ 110–1,104 บาท/กก."
ไก่แช่แข็ง,ขาซีไก่ กล่อง 15กก.,"฿ 1,185 บาท/กก."
ไก่แช่แข็ง,ขาซีใหญ่ ก้าวหน้า,฿ 460 บาท/กก.
ไก่แช่แข็ง,เนื้อไก่ขูด ตราดาว แพ็ค 1 kg.,฿ 55–590 บาท/กก.
ไก่แช่แข็ง,เนื้ออกไก่ ก้าวหน้า แพ็ค 1kg.,฿ 99–870 บาท/กก.
ไก่แช่แข็ง,น่องติดสะโพกไก่ เบทาโกร,฿ 395 บาท/กก.
ไก่แช่แข็ง,ข้อยาว ก้าวหน้า,฿ 350 บาท/กก.
ไก่แช่แข็ง,เศษBL ก้าวหน้า,฿ 295 บาท/กก.
ไก่แช่แข็ง,ไก่แม่พันธ์เหลือง,฿ 155 บาท/กก.
ไก่แช่แข็ง,ไก่แม่พันธ์เขียว,฿ 195 บาท/กก.
ไก่แช่แข็ง,ข้อยาวไก่ แพ็ค 2 kg.,฿ 70–420 บาท/กก.
ไก่แช่แข็ง,โครงอก CP,฿ 25–200 บาท/กก.
ไก่แช่แข็ง,เอ็นไก่ ก้าวหน้า แพ็ค 1kg.,"฿ 169–1,690 บาท/กก."
ไก่แช่แข็ง,พวงไข่แช่แข็ง ฟาร์มสุข แพ็ค 1 kg.,"฿ 150–1,500 บาท/กก."
ไก่แช่แข็ง,คอไก่ CP แพ็ค5kg.,฿ 35 บาท/กก.
ไก่แช่แข็ง,อกไก่ สหฟาร์ม ถุง,฿ 800–850 บาท/กก.
ไก่แช่แข็ง,บั้นท้ายไก่ฟรีส แพ็ค2กก.,฿ 170–960 บาท/กก.
ไก่แช่แข็ง,หนังคอไก่ แพ็ค2กก.,฿ 90–450 บาท/กก.
ไก่แช่แข็ง,ตับไก่ฟรีส แพ็ค 1 kg.,฿ 85–790 บาท/กก.
ไก่แช่แข็ง,ไก่NY 7ตัว,฿ 650 บาท/กก.
ไก่แช่แข็ง,ปีกบนไก่ ซันเเวลเล่ย์ แพ็ค 2 kg.,"฿ 178–1,068 บาท/กก."
ไก่แช่แข็ง,ไก่NY 8ตัว,฿ 650 บาท/กก.
ไก่แช่แข็ง,กึ๋นไก่ ก้าวหน้า,฿ 50 บาท/กก.
ไก่แช่แข็ง,ขาซีไก่ CP แพ็ค5kg.,฿ 69–690 บาท/กก.
ไก่แช่แข็ง,ปลายปีกไก่/ปลายแหลม ซันเเวลเล่ย์ แพ็ค 2 kg.,฿ 100–564 บาท/กก.
ไก่แช่แข็ง,หนังไก่ ซันเเวลเล่ย์ แพ็ค 2 kg.,฿ 110–564 บาท/กก.
ไก่แช่แข็ง,เศษBL ซันเเวลเล่ย์ แพ็ค 2 kg.,฿ 140–828 บาท/กก.
ไก่แช่แข็ง,ขาซีเล็กก้าวหน้า,฿ 415 บาท/กก.
ไก่แช่แข็ง,น่องติดสะโพกไก่ แหลมทอง,฿ 670 บาท/กก.
ไก่แช่แข็ง,ขายำ แพ็ค 1 kg.,฿ 100–475 บาท/กก.
ไก่แช่แข็ง,กึ๋นไก่ ก้าวหน้า แพ็ค 1kg.,฿ 50–450 บาท/กก.
ไก่แช่แข็ง,ปีกบนไก่ เบทาโกร แพ็ค 1 kg.,฿ 80–750 บาท/กก.
ไก่แช่แข็ง,อกไก่ เบทาโกร แพ็ค 1 kg.,฿ 80–750 บาท/กก.
ไก่แช่แข็ง,น่องติดสะโพกไทยฟูดส์,฿ 790 บาท/กก.
ไก่แช่แข็ง,พวงไข่แช่แข็ง KCF แพ็ค 500g.,"฿ 80–1,350 บาท/กก."
ไก่แช่แข็ง,ปีกเต็มไก่ เบทาโกร,฿ 475 บาท/กก.
ไก่แช่แข็ง,ไก่แม่พันธุ์แดง,฿ 210 บาท/กก.
ไก่แช่แข็ง,หนังคอไก่ ถุง 5กก.,฿ 250 บาท/กก.
ไก่แช่แข็ง,ถุงทอง ก้าวหน้า,฿ 450–500 บาท/กก.
ไก่แช่แข็ง,ปีกเต็มไก่ เบทาโกร แพ็ค 1 kg.,฿ 100–950 บาท/กก.
ไก่แช่แข็ง,ปีกบนไก่ เบทาโกร,฿ 375 บาท/กก.
ไก่แช่แข็ง,บั้นท้ายไก่ เบทาโกร แพ็ค 1 kg.,฿ 85–790 บาท/กก.
ไก่แช่แข็ง,อกไก่ ซันเเวลเล่ย์ แพ็ค 2 kg.,"฿ 180–1,020 บาท/กก."
ไก่แช่แข็ง,บั้นท้ายไก่ถุงใส แพ็ค 1 kg.,฿ 90–425 บาท/กก.
ไก่แช่แข็ง,โครงไก่ เบทาโกร,฿ 25–35 บาท/กก.
ไก่แช่แข็ง,ไก่แม่พันธ์ม่วง,฿ 215 บาท/กก.
ไก่แช่แข็ง,ปีกบน ฟาร์มสุข,฿ 395 บาท/กก.
ไก่แช่แข็ง,ตับไก่สหฟาร์ม,฿ 395 บาท/กก.
ไก่แช่แข็ง,โครงไก่ คาร์กิลล์,฿ 29 บาท/กก.
ไก่แช่แข็ง,ขาซีชำรุด ก้าวหน้า,฿ 169–840 บาท/กก.
ไก่แช่แข็ง,ปีกบนไก่ CP,฿ 445 บาท/กก.
ไก่แช่แข็ง,น่องติดสะโพกไก่ สหฟาร์ม,฿ 395 บาท/กก.
ไก่แช่แข็ง,ไก่บด เพชรสุวรรณ แพ็ค 1 kg.,฿ 45–790 บาท/กก.
ไก่แช่แข็ง,สันในไก่ ซันเเวลเล่ย์ แพ็ค 2 kg.,"฿ 170–1,020 บาท/กก."
ไก่แช่แข็ง,ไก่แดง POPSTAR,฿ 300 บาท/กก.
ไก่แช่แข็ง,สันในไก่ CP,฿ 445 บาท/กก.
ไก่แช่แข็ง,ตับไก่ฟรีส(ตับซีด) ก้าวหน้า,฿ 360 บาท/กก.
ไก่แช่แข็ง,โครงท้าย CP,฿ 35 บาท/กก.
ไก่แช่แข็ง,ปีกบนฟรีส ก้าวหน้า แพ็ค 2kg.กล่อง12kg.,฿ 165–990 บาท/กก.
ไก่แช่แข็ง,ปีกบน คาร์กิลล์,฿ 750 บาท/กก.
ไก่แช่แข็ง,ปีกบนชำรุด,฿ 375 บาท/กก.
ไก่แช่แข็ง,ไก่ตัว มีหัวมีขา (ไก่ล้วง) ถุง10กก.,฿ 650 บาท/กก.
ไก่แช่แข็ง,ปีกกลางไก่ ซันเเวลเล่ย์ แพ็ค 2 kg.,"฿ 278–1,668 บาท/กก."
ไก่แช่แข็ง,ปีกบน(ถุงใส) แพ็ค 1 kg.,฿ 89–445 บาท/กก.
ไก่แช่แข็ง,กึ๋นไก่ ซันแวลเลย์ แพ็ค 1 kg.,฿ 35–420 บาท/กก.
ไก่แช่แข็ง,สันในไก่ คาร์กิลล์,฿ 680 บาท/กก.
ไก่แช่แข็ง,อกไก่ คาร์กิลล์,฿ 600 บาท/กก.
ไก่แช่แข็ง,BL(K) คาร์กิลล์,฿ 550 บาท/กก.
ไก่แช่แข็ง,BL(เบอร์#2) คาร์กิลล์,฿ 560 บาท/กก.
ไก่แช่แข็ง,ปีกปลายไก่ เบทาโกร แพ็ค 2 kg.,"฿ 196–1,140 บาท/กก."
ไก่แช่แข็ง,ปีกบนไก่ CP แพ็ค 2 kg.,"฿ 198–1,080 บาท/กก."
ปลา,ปลาดุกหั่นชิ้นแพ็ค แพ็ค 1 kg.,฿ 80–400 บาท/กก.
ปลา,ท้องแซลม่อน แพ็ค 1 kg.,"฿ 99–1,080 บาท/กก."
ปลา,"ปลาหางแข็ง ""6-8""",฿ 450 บาท/กก.
ปลา,"ปลาหางแข็ง ""5-6"" AAA",฿ 450 บาท/กก.
ปลา,"ปลาสีกุลเขียว ""10-12""",฿ 370–390 บาท/กก.
ปลา,ปลาซาบะ200/300,฿ 490 บาท/กก.
ปลา,ปลาดอลลี่ตัว กล่องขาว แพ็ค 1 kg.,฿ 55–490 บาท/กก.
ปลา,"ปลาหางแข็ง ""4-6""",฿ 450 บาท/กก.
ปลา,ปลาซาบะ 500/700,฿ 69 บาท/กก.
ปลา,ปลาทูอินเดีย 8/10( PRAVESH-ขาว) กล่อง10กก.,฿ 650 บาท/กก.
ปลา,ปลาซาบะ 400/600,฿ 890 บาท/กก.
ปลา,ปลาทูอินเดีย 6-8 Goan King,฿ 880 บาท/กก.
ปลา,ปลาทูอินเดีย 6-8 Indofresh,฿ 990 บาท/กก.
ปลา,เนื้อปลาบด 1000 กรัม,฿ 75–750 บาท/กก.
ปลา,ปลาทูอินเดีย 8-10 (IKA) กล่อง 10กก.,฿ 680 บาท/กก.
ปลา,ปลาทูอินเดีย 8-12 (Sea blue) กล่อง 10กก.,฿ 680 บาท/กก.
ปลา,ปลาทูอินเดีย 8-12 SEAMAC,฿ 680 บาท/กก.
ปลา,ปลาทูอินเดีย 12-15B EXCELLENT,฿ 610 บาท/กก.
ปลา,ปลาทูอินเดีย 8-12B (NAIK-ขาว) กล่อง 10กก.,฿ 680 บาท/กก.
ปลา,ปลาทูอินเดีย 8-10B (GoanKing) กล่อง 10กก.,฿ 680 บาท/กก.
ปลา,ปลาทูอินเดีย 8-10 Harbour กล่อง 10กก.,฿ 990 บาท/กก.
ปลา,ปลาทูโอมาน 3-5A กล่อง 10กก.,฿ 830 บาท/กก.
ปลา,ปลาทูอินเดีย 6-8 KAIKO,฿ 990 บาท/กก.
ปลา,ปลาทูอินเดีย 6-8 Kiwi,฿ 990 บาท/กก.
ปลา,ปลาทูอินเดีย 8-10 (Searulean),฿ 720 บาท/กก.
ปลา,ปลาทูอินเดีย 8-10 (DOSANI) กล่อง10kg.,฿ 790 บาท/กก.
ปลา,ปลาหางแข็ง,฿ 45 บาท/กก.
ปลา,ปลาสีกุล,฿ 60 บาท/กก.
ปลา,ปลาซาบะ น้ำหนักไม่เท่า,฿ 69 บาท/กก.
ปลา,ปลาดอลลี่ตัว 220up กล่องม่วง แพ็ค 1 kg.,฿ 89–750 บาท/กก.
ปลา,ปลาดอลลี่หั่นชิ้น แพ็ค 1 kg.,฿ 49–490 บาท/กก.
ปลา,ท้องแซลมอล แพ็ค 1 kg.,฿ 79–790 บาท/กก.
ปลาหมึก,หนวดหมึกเบบี๋,"฿ 1,150 บาท/กก."
ปลาหมึก,แมงกะพรุน,"฿ 1,400 บาท/กก."
ปลาหมึก,หางหมึกเปรู กระสอบ22.5 กก.,฿ 99 บาท/กก.
ปลาหมึก,หางหมึกเปรู กระสอบ20 กก.,฿ 120 บาท/กก.
ปลาหมึก,คอหมึกเปรู 100-300,฿ 90 บาท/กก.
ปลาหมึก,หมึกมะเฟือง แพ็ค 1 kg.,฿ 79–790 บาท/กก.
ปลาหมึก,หนวดหมึกเปรู,฿ 100 บาท/กก.
ปลาหมึก,ปลายหนวดเรด้าแพ็ค 1 kg.,฿ 89–790 บาท/กก.
ปลาหมึก,คอหมึก 500up,฿ 100 บาท/กก.
ปลาหมึก,ปลาหมึกอาเจน 150/200 (SS) ชั่งน้ำหนัก,฿ 159 บาท/กก.
ปลาหมึก,หัวหมึกเบบี๋ แพ็ค 1 kg.,฿ 59–590 บาท/กก.
ปลาหมึก,ปลาหมึกอาเจน,฿ 29 บาท/กก.
ปลาหมึก,"แมงกะพรุน แพ็ค 1,000g.",฿ 79 บาท/กก.
ปลาหมึก,หมึกวงติดปีก แพ็ค 1 kg.,฿ 69–550 บาท/กก.
ปลาหมึก,คอหมึกติดเอ็นแก้ว แพ็ค 1 kg.,฿ 35–350 บาท/กก.
ปลาหมึก,หมึกดำ 300/500,฿ 99 บาท/กก.
ปลาหมึก,ไข่หมึกตราดาว แพ็ค 1 kg.,฿ 100–950 บาท/กก.
ปลาหมึก,หมึกสาย,"฿ 1,390 บาท/กก."
ปลาหมึก,ไข่หมึกขาวอาเจนแท้ แพ็ค 1กก.,"฿ 259–2,990 บาท/กก."
ปลาหมึก,หมึกดำ 100/300,฿ 85 บาท/กก.
ปลาหมึก,คอหมึกจีน กระสอบขาวล้วน 20 กก.,฿ 110 บาท/กก.
ปลาหมึก,ปลาหมึกอาเจน ถุงใส (S) ชั่งน้ำหนัก,฿ 167 บาท/กก.
ปลาหมึก,คอหมึกเปรู 500up,฿ 80 บาท/กก.
ปลาหมึก,แมงกะพรุน (ขาล้วน) ถัง 20กก.,฿ 750 บาท/กก.
ปลาหมึก,หมึกกล้วยลอก แพ็ค 1 kg.,"฿ 140–1,350 บาท/กก."
ปลาหมึก,คอหมึกเปรู 300/500,฿ 95 บาท/กก.
ปลาหมึก,คอหมึกเปรู 1000up กระสอบ20กก.,฿ 90 บาท/กก.
ปลาหมึก,หมึกกระดองลอก Size 20/40 แพ็ค 1 kg.,"฿ 160–1,550 บาท/กก."
ปลาหมึก,หมึกกล้วย IQF แพ็ค 1 kg.,฿ 99–990 บาท/กก.
ปลาหมึก,หัวหมึกกระดองโบ้ Size 200/300,"฿ 2,190 บาท/กก."
ปลาหมึก,หมึกเจาะ 20/30 แพ็ค 1 kg.,"฿ 159–1,590 บาท/กก."
ปลาหมึก,หมึกอาเจนเปรู,"฿ 115–2,580 บาท/กก."
ปลาหมึก,คอหมึกเปรู 50/250 Comex,฿ 55–115 บาท/กก.
ปลาหมึก,หางหมึกเปรู,"฿ 99–1,323 บาท/กก."
ปลาหมึก,ปลาหมึกอาเจน 180/200 (S) ชั่งน้ำหนัก,฿ 158 บาท/กก.
ปลาหมึก,ไข่หมึกแท้ แพ็ค 1 kg.,"฿ 169–2,028 บาท/กก."
ปลาหมึก,ปลาหมึกอาเจน 200/300 Argenova(สติ๊กเกอร์ฟ้า) ชั่งน้ำหนัก,฿ 159 บาท/กก.
ปลาหมึก,ปลาหมึกอาเจน ตักล่ะ 99 บาท,฿ 99 บาท/กก.
ปลาหมึก,หมึกวงติดหนัง แพ็ค 1 kg.,฿ 59–590 บาท/กก.
ปลาหมึก,หมึกดอกไม้ แพ็ค 1 kg.,฿ 69–690 บาท/กก.
ปลาหมึก,บั้งสับปะรด AAA 1 kg.,฿ 59–590 บาท/กก.
ปลาหมึก,หนวดหมึกตัดหั่นชิ้น แพ็ค 1 kg.,฿ 49–490 บาท/กก.
ปลาหมึก,หมึกกรอบตัว ถุง 5กก.,฿ 115 บาท/กก.
ปลาหมึก,คอหมึกเปรูชั่งน้ำหนัก,฿ 89 บาท/กก.
ปลาหมึก,หมึกอาเจน,฿ 189 บาท/กก.
กุ้ง/หอย,กุ้งขาวแกะเปลือกไว้หาง 51-60 แพ็ค 1kg.,"฿ 159–1,450 บาท/กก."
กุ้ง/หอย,หอยเชลล์ฝาเดียว แพ็ค 1 kg.,"฿ 75–1,050 บาท/กก."
กุ้ง/หอย,หอยหวาน Size 30/50 แพ็ค 2 kg.,"฿ 300–1,620 บาท/กก."
กุ้ง/หอย,เนื้อหอยแมลงภู่ชิลี แพ็ค 1 kg.,฿ 69–990 บาท/กก.
กุ้ง/หอย,เนื้อหอยเชลล์ แพ็ค 1 kg.,"฿ 95–1,100 บาท/กก."
กุ้ง/หอย,หอยแมลงภู่ชิลีฝาเดียว(เฮงเฮงเฮง) แพ็ค 1 kg.,฿ 69–950 บาท/กก.
กุ้ง/หอย,หอยอบไทย แพ็ค 500g.,฿ 55–475 บาท/กก.
กุ้ง/หอย,หอยหวาน,฿ 150 บาท/กก.
เนื้อวัว,ปากหนาม AF กล่อง 12 kg.,฿ 159 บาท/กก.
เนื้อวัว,สันคอวัว,฿ 149 บาท/กก.
เนื้อวัว,ต้มรวมวัว Sanmatin,฿ 95 บาท/กก.
เนื้อวัว,ปากหนาม,"฿ 1,590 บาท/กก."
เนื้อวัว,ไส้มะเฟือง น้ำหนักข้างกล่อง,฿ 95 บาท/กก.
เนื้อวัว,ต้มรวมวัว Carnic,฿ 107 บาท/กก.
เนื้อวัว,ปอดวัว,฿ 60 บาท/กก.
เนื้อวัว,เอ็นแก้ววัว,฿ 220 บาท/กก.
เนื้อวัว,ดีวัว,฿ 360–380 บาท/กก.
เนื้อวัว,เนื้อสะโพกวัว (สด) น้ำหนักชั่ง,฿ 169 บาท/กก.
เนื้อวัว,เนื้อลูกมะพร้าว No.42,฿ 199–220 บาท/กก.
เนื้อวัว,เนื้อสันแหลม No.67,฿ 215 บาท/กก.
เนื้อวัว,ดีวัว No.94 กล่อง 20 kg.,฿ 360–380 บาท/กก.
เนื้อวัว,ม้ามวัว,฿ 79 บาท/กก.
เนื้อวัว,ตับวัว ชั่งน้ำหนัก,฿ 105 บาท/กก.
เนื้อวัว,ลิ้นวัวแช่แข็ง ชั่งน้ำหนัก,฿ 269 บาท/กก.
เนื้อวัว,ดีวัว Devesa,฿ 320 บาท/กก.
เนื้อวัว,ม้ามวัว กล่อง 16 กก.,฿ 85 บาท/กก.
เนื้อวัว,เนื้อวัวรวม (สด) น้ำหนักชั่ง,฿ 159 บาท/กก.
เนื้อวัว,เครื่องในรวมวัว(สด) น้ำหนักชั่ง,฿ 69 บาท/กก.
เนื้อวัว,เศษเนื้อวัว (สด) น้ำหนักชั่ง,฿ 139–149 บาท/กก.
เนื้อวัว,ไส้มะเฟืองวัว,฿ 950 บาท/กก.
เนื้อวัว,เศษมัน (วัว) น้ำหนักชั่ง,฿ 49 บาท/กก.
เนื้อวัว,เสือร้องไห้โคขุนกระทะ 160g.,฿ 59 บาท/กก.
เนื้อวัว,เนื้อสามชั้นโคขุนกระทะ 160g.,฿ 59 บาท/กก.
เนื้อวัว,เนื้อโคขุนสไลด์ชาบูแบบยาว 160g.,฿ 59 บาท/กก.
เนื้อวัว,เนื้อโคขุนสามชั้นสไลด์ชาบู 160g.,฿ 59 บาท/กก.
เนื้อวัว,เนื้อโคขุนบดA 200g.,฿ 59 บาท/กก.
เนื้อวัว,เอ็นแก้ววัว KILCOY,"฿ 59–4,600 บาท/กก."
เนื้อวัว,สไบนาง ถุง,฿ 169–190 บาท/กก.
เนื้อวัว,ไส่อ่อนวัว น้ำหนักชั่งที่จุดขาย,฿ 10–90 บาท/กก.
เนื้อวัว,เนื้อคอวัว,"฿ 2,025 บาท/กก."
ปู,ปูม้าตัดแต่ง แพ็ค 500g.,"฿ 109–1,260 บาท/กก."
ปู,ปูม้า50/80 (8 Kg.) Female,"฿ 1,432 บาท/กก."
ปู,ปูม้า 100/150 Jarada (8 kg.) Femle,"฿ 1,752 บาท/กก."
ปู,ปูม้า 100/150 Blue crab (8 kg.) Male,"฿ 1,752 บาท/กก."
ปู,ปูม้า 100/150 (8 kg.) Male,"฿ 1,432 บาท/กก."
ปู,ปูม้า 150/200 Blue crab (8 Kg.) Femle,"฿ 1,752 บาท/กก."
ปู,ปูม้า 80/100 (8 Kg.) Femle,"฿ 1,000 บาท/กก."
ปู,ปูม้า (ตัว) 100/150,฿ 25 บาท/กก.
ปู,ปูม้า 50/80 (12 kg.)Femle,"฿ 1,432 บาท/กก."
ปู,ปูม้า 50/80 Jarada (8 kg.) Male,"฿ 1,432 บาท/กก."
ปู,ปูม้า (ตัว) 50/80,฿ 10 บาท/กก.
ปู,ปูม้า 80/100 Blue crab (8 kg.) Femle,"฿ 1,720 บาท/กก."
ปู,ปูจุด 100/150 Evergreen (8 kg.) Femle,"฿ 1,160 บาท/กก."
ปู,ปูม้า 80/100 Bahrain (8 kg.) Femle,"฿ 1,352 บาท/กก."
ปู,ปูจุด 80/100 Blue marine (8 kg.) Male,"฿ 1,200 บาท/กก."
ปู,ปูจุด 100/150 Blue marine (8 kg.) Male,"฿ 1,200 บาท/กก."
ปู,ปูม้าอินโด 80/100,฿ 405 บาท/กก.
เป็ด,เนื้อเป็ดบด BK แพ็ค 1 kg.,"฿ 165–1,900 บาท/กก."
เป็ด,เป็ดเชอรี่ size M (BK) ชั่งน้ำหนัก,฿ 110 บาท/กก.
เป็ด,ปากเป็ด BK แพ็ค 1 kg.,"฿ 279–3,348 บาท/กก."
เป็ด,บั้นท้ายเป็ด BK แพ็ค 1 kg.,฿ 89–948 บาท/กก.
เป็ด,ขาเป็ด BK แพ็ค 1 kg.,฿ 79–840 บาท/กก.
เป็ด,ปีกปลายเป็ด BK แพ็ค 1 kg.,฿ 79–948 บาท/กก.
เป็ด,มันหนังเป็ด BK แพ็ค 1 kg.,฿ 69–790 บาท/กก.
เป็ด,เศษเนื้อเป็ด#2 BK แพ็ค 1 kg.,"฿ 189–2,040 บาท/กก."
เป็ด,เครื่องในเป็ด BK แพ็ค 1 kg.,฿ 90–948 บาท/กก.
เป็ด,คอเป็ด BK แพ็ค 2 kg.,฿ 120–708 บาท/กก.
เป็ด,ปีกบนเป็ด BK แพ็ค 1 kg.,"฿ 95–1,068 บาท/กก."
เป็ด,เนื้ออกเป็ด BK แพ็ค 1 kg.,"฿ 210–2,460 บาท/กก."
เป็ด,กึ๋นเป็ด DK แพ็ค 1 kg.,฿ 75–912 บาท/กก.
เป็ด,ไส้ล้างเป็ด BK แพ็ค 1 kg.,"฿ 215–2,460 บาท/กก."
เป็ด,กึ๋นเป็ด BK แพ็ค 1 kg.,฿ 75–900 บาท/กก.
เป็ด,เป็ดเชอรี่ size S (BK) ชั่งน้ำหนัก,฿ 110 บาท/กก.
เป็ด,เป็ดเชอรี่ size XL (BK) ชั่งน้ำหนัก,฿ 110 บาท/กก.
เป็ด,เป็ดเชอรี่ size MM (BK) ชั่งน้ำหนัก,฿ 105–110 บาท/กก.
เป็ด,เป็ดเชอรี่ size L (BK) ชั่งน้ำหนัก,฿ 110 บาท/กก.
เป็ด,เป็ดตัว M เบทาโกร,฿ 110 บาท/กก.
เป็ด,ปีกปลายเป็ด เบทาโกร แพ็ค 1 kg.,฿ 79–948 บาท/กก.
หมูสไลด์/หมูแปรรูป,หมูบดA ถุงดำ,฿ 79–790 บาท/กก.
หมูสไลด์/หมูแปรรูป,สะโพกหมูสไลด์สไลด์ ชั่งน้ำหนัก,฿ 125 บาท/กก.
หมูสไลด์/หมูแปรรูป,หมูบดกล่อง (Pop Star) แพ็ค 1 kg.,฿ 69–690 บาท/กก.
หมูสไลด์/หมูแปรรูป,หมูบดอนามัย ภรฟู๊ด แพ็ค 1กก.,฿ 75–375 บาท/กก.
หมูสไลด์/หมูแปรรูป,หมูบดอนามัย POPSTAR แพ็ค 1กก.,฿ 77–385 บาท/กก.
หมูสไลด์/หมูแปรรูป,หนังหมูหั่น แพ็ค 1กก.,฿ 95–475 บาท/กก.
หมูสไลด์/หมูแปรรูป,ชาบูกลมติดหนัง แพ็ค 1 kg.,฿ 95–475 บาท/กก.
หมูสไลด์/หมูแปรรูป,หมูหั่นแกง แพ็ค 1 kg. (หิ้ว 5 kg.) หมูสวรรค์,฿ 105–475 บาท/กก.
หมูสไลด์/หมูแปรรูป,ชาบูกลมไม่ติดหนัง แพ็ค 1 kg.,฿ 95–475 บาท/กก.
หมูสไลด์/หมูแปรรูป,หมูบด Aถุงดำ แพ็ค 1กก.,฿ 49–245 บาท/กก.
หมูสไลด์/หมูแปรรูป,ชาบูหมูอร่อย แพ็ค 1กก.,฿ 140–625 บาท/กก.
หมูสไลด์/หมูแปรรูป,ชาบู หมูสวรรค์ แพ็ค 1 kg.,฿ 140–625 บาท/กก.
หมูสไลด์/หมูแปรรูป,เบคอนรมควัน A แพ็ค 500g.,"฿ 90–1,590 บาท/กก."
หมูสไลด์/หมูแปรรูป,หมูบด อิสาน แพ็ค 1 kg.,฿ 59–590 บาท/กก.
หมูสไลด์/หมูแปรรูป,สองชั้นลอกหนังสไลด์ (อร่อย) แพ็ค1กก.,฿ 119–595 บาท/กก.
หมูสไลด์/หมูแปรรูป,สามชั้นสไลด์แผ่น (อร่อย) แพ็ค1กก.,฿ 50–825 บาท/กก.
หมูสไลด์/หมูแปรรูป,หมูหั่นแกง(ถุงแดง) แพ็ค 1 kg.,฿ 65–325 บาท/กก.
หมูสไลด์/หมูแปรรูป,สะโพกหมูสไลด์ เบทาโกร แพ็ค 1 kg.,"฿ 125–1,240 บาท/กก."
หมูสไลด์/หมูแปรรูป,หนังหมูกรอบ รสคลาสสิค 14g (ตราฮาวดี้),฿ 20–660 บาท/กก.
หมูสไลด์/หมูแปรรูป,หนังหมูกรอบ รสไลม์ 14g (ตราฮาวดี้),฿ 20–660 บาท/กก.
หมูสไลด์/หมูแปรรูป,แคบหมูไร้มัน รสอูมามิ 10g (ตรานิชา),฿ 10–500 บาท/กก.
หมูสไลด์/หมูแปรรูป,แคบหมูไร้มัน รสออริจินอล 10g (ตรานิชา) (12ซอง/แพ็ค*5แพ็ค/ลัง,฿ 10–500 บาท/กก.
หมูสไลด์/หมูแปรรูป,หมูปิ้ง.ฟาร์มฟู้ด (ไม้10บาท) ออริจินอล แพ็ค50ไม้,฿ 300 บาท/กก.
หมูสไลด์/หมูแปรรูป,หมูปิ้ง.มีโชค (นมสด),฿ 320 บาท/กก.
หมูสไลด์/หมูแปรรูป,หมูปิ้ง.มีโชค (โบราณ),฿ 320 บาท/กก.
หมูสไลด์/หมูแปรรูป,หมูปิ้ง.หมูอร่อย (โบราณ),฿ 300 บาท/กก.
หมูสไลด์/หมูแปรรูป,หมูปิ้ง.หมูอร่อย (นมสด),฿ 290 บาท/กก.
หมูสไลด์/หมูแปรรูป,สามชั้นสไลด์ 2แถว3แถว 1000กรัม,"฿ 195–1,890 บาท/กก."
ลูกชิ้น/ไส้กรอก,ยออุบล(ยาว) ก้าวหน้า 800g. (20เส้น/หิ้ว),฿ 34–670 บาท/กก.
ลูกชิ้น/ไส้กรอก,"ไก่ยอฟ้า ก้าวหน้า 1,000g.",฿ 31–610 บาท/กก.
ลูกชิ้น/ไส้กรอก,ยออุบล(สั้น) ก้าวหน้า 200g. (10แพ็ค/หิ้ว),฿ 35–345 บาท/กก.
ลูกชิ้น/ไส้กรอก,ไก่หนังกรอบไบท์ซีรี่ Top GP แพ็ค 900g.,฿ 70–345 บาท/กก.
ลูกชิ้น/ไส้กรอก,หมูยออุบล TKF,฿ 70 บาท/กก.
ลูกชิ้น/ไส้กรอก,ลูกชิ้นหมูกลาง TKF,฿ 69–77 บาท/กก.
ลูกชิ้น/ไส้กรอก,ลูกชิ้นเนื้อกลาง TKF แพ็ค 1 kg.,฿ 69–77 บาท/กก.
ลูกชิ้น/ไส้กรอก,แหนมปลากราย TKF แพ็ค 500g.,฿ 47–470 บาท/กก.
ลูกชิ้น/ไส้กรอก,แหนมหมูย่าง TKF แพ็ค 500g.,฿ 47–470 บาท/กก.
ลูกชิ้น/ไส้กรอก,ฮอทจัมโบ้ TKF แพ็ค 1 kg.,฿ 60 บาท/กก.
ลูกชิ้น/ไส้กรอก,ลูกชิ้นหมูจัมโบ้ TKF แพ็ค 1 kg.,฿ 69 บาท/กก.
ลูกชิ้น/ไส้กรอก,ลูกชิ้นเนื้อจัมโบ้ TKF แพ็ค 1 kg.,฿ 69 บาท/กก.
ลูกชิ้น/ไส้กรอก,ลูกชิ้นหมู TKF แพ็ค 500g.,฿ 36–360 บาท/กก.
ลูกชิ้น/ไส้กรอก,"ลูกชิ้นปลากลม แพ็ค 1,000g.",฿ 56–280 บาท/กก.
ลูกชิ้น/ไส้กรอก,ลูกชิ้นเอ็นหมู TKF แพ็ค 1 kg.,฿ 69 บาท/กก.
ลูกชิ้น/ไส้กรอก,ลูกชิ้นเอ็นเนื้อ TKF แพ็ค 1 kg.,฿ 69–77 บาท/กก.
ลูกชิ้น/ไส้กรอก,"ลูกชิ้นปลาปอง แพ็ค 1,000g.",฿ 56–280 บาท/กก.
ลูกชิ้น/ไส้กรอก,เวียนนา ก้าวหน้า แพ็ค 1kg.,฿ 57–285 บาท/กก.
ลูกชิ้น/ไส้กรอก,หมูยอแผ่น โชคทวี แพ็ค 500g.,฿ 50–450 บาท/กก.
ลูกชิ้น/ไส้กรอก,ลูกชิ้นเอ็นไก่A ก้าวหน้า แพ็ค 1kg.,฿ 73–365 บาท/กก.
ลูกชิ้น/ไส้กรอก,ลูกชิ้นเอ็นไก่ธรรมดา ก้าวหน้า แพ็ค 1kg.,฿ 70–315 บาท/กก.
ลูกชิ้น/ไส้กรอก,ลูกชิ้นปลาบัวลอย 9ดาว 500 กรัม,฿ 28–275 บาท/กก.
ลูกชิ้น/ไส้กรอก,ลูกชิ้นปลาบัวลอย แพ็ค 500g.,฿ 29–280 บาท/กก.
ลูกชิ้น/ไส้กรอก,จัมโบ้แดงบีฟู้ดส์ เบทาโกร แพ็ค 1 kg.,฿ 42–235 บาท/กก.
ลูกชิ้น/ไส้กรอก,จ๊อไก่สาหร่าย โชคทวี แพ็ค 1 kg.,฿ 70–315 บาท/กก.
ลูกชิ้น/ไส้กรอก,ฮอทวุ้นเส้น ก้าวหน้า แพ็ค 1kg.,฿ 70–350 บาท/กก.
ลูกชิ้น/ไส้กรอก,หมูยอแท่ง โชคทวี แพ็ค 500g.,฿ 50–450 บาท/กก.
ลูกชิ้น/ไส้กรอก,ลูกชิ้นปลาระเบิดแหลม แพ็ค 1 kg.,฿ 59–295 บาท/กก.
ลูกชิ้น/ไส้กรอก,ลูกชิ้นปลาระเบิดกลม แพ็ค 1 kg.,฿ 59–295 บาท/กก.
ลูกชิ้น/ไส้กรอก,จัมโบ้รมควัน 12ชิ้น แหลมทอง แพ็ค 1 kg.,฿ 75–375 บาท/กก.
ลูกชิ้น/ไส้กรอก,ลูกชิ้นแฟนซีรักบี้ เบทาโกร แพ็ค 500g,฿ 30–300 บาท/กก.
ลูกชิ้น/ไส้กรอก,ลูกชิ้นหมู โกรวย แพ็ค 500g.,฿ 65–650 บาท/กก.
ลูกชิ้น/ไส้กรอก,ลูกชิ้นเนื้อ โกรวย แพ็ค 500g.,฿ 65–650 บาท/กก.
ลูกชิ้น/ไส้กรอก,ปลาส้มตะเพียน ขนาด 490กรัม,฿ 60 บาท/กก.
ลูกชิ้น/ไส้กรอก,ลูกชิ้นหมู มีสนั่น(น้ำเงิน) แพ็ค 1 kg.,฿ 55–550 บาท/กก.
ลูกชิ้น/ไส้กรอก,ลูกชิ้นเนื้อ มีสนั่น(แดง) แพ็ค 1 kg.,฿ 55–550 บาท/กก.
ลูกชิ้น/ไส้กรอก,ลูกชิ้นเอ็นเนื้อ มีสนั่น(เขียว) แพ็ค 1 kg.,฿ 55–550 บาท/กก.
ลูกชิ้น/ไส้กรอก,เซดดาร์ชีส-ฮอทดอก 21ชิ้น แหลมทอง แพ็ค 600g.,฿ 57–570 บาท/กก.
ลูกชิ้น/ไส้กรอก,โบโลน่าทอดมัน แหลมทอง แพ็ค 1 kg.,฿ 64–320 บาท/กก.
ลูกชิ้น/ไส้กรอก,ไส้กรอกค็อกเทลไก่ แหลมทอง แพ็ค 1 kg.,฿ 56–280 บาท/กก.
ลูกชิ้น/ไส้กรอก,ไส้กรอกแดงเวียนเนอร์ แหลมทอง แพ็ค 1 kg.,฿ 45–225 บาท/กก.
ลูกชิ้น/ไส้กรอก,ไส้กรอกแฟรงค์เฟอร์เตอร์ แหลมทอง แพ็ค 400g.,฿ 32–320 บาท/กก.
ลูกชิ้น/ไส้กรอก,ลูกชิ้นหมูกลาง(ส้ม) เพชรสุวรรณ แพ็ค 1 kg.,฿ 50–250 บาท/กก.
ลูกชิ้น/ไส้กรอก,ลูกชิ้นเนื้อกลาง(เขียว) เพชรสุวรรณ แพ็ค 1 kg.,฿ 50–250 บาท/กก.
ลูกชิ้น/ไส้กรอก,ปลาระเบิดกลม แดง,฿ 47–235 บาท/กก.
ลูกชิ้น/ไส้กรอก,ไส้กรอกแฟรงค์โกลด์ ฟาร์มสุข แพ็ค 577g.,฿ 43–430 บาท/กก.
ลูกชิ้น/ไส้กรอก,ไส้กรอกไก่ฮอทสตาร์ ชิกกี้ แหลมทอง แพ็ค 1 kg.,฿ 45–225 บาท/กก.
ลูกชิ้น/ไส้กรอก,ลูกชิ้นปลากลม แพ็ค 500g.,฿ 27–265 บาท/กก.
ลูกชิ้น/ไส้กรอก,ไส้กรอกอั่วหมู พี-พ็อค แพ็ค 500g,฿ 58–580 บาท/กก.
ลูกชิ้น/ไส้กรอก,ไส้อั่วสมุนไพร เจริญศรี แพ็ค 225g,฿ 35–350 บาท/กก.
ลูกชิ้น/ไส้กรอก,ไส้กรอกอีสานค็อกเทล เจริญศรี แพ็ค 1 kg.,฿ 89–445 บาท/กก.
ลูกชิ้น/ไส้กรอก,ไส้กรอกอีสานมินิค็อกเทล เจริญศรี แพ็ค 1 kg.,฿ 95–475 บาท/กก.
ลูกชิ้น/ไส้กรอก,ชิคเก้นนิวออลีนสไลด์ แพ็ค 500g.,฿ 65–650 บาท/กก.
ลูกชิ้น/ไส้กรอก,ไก่กระเทียม TKF แพ็ค 400g.,฿ 39–165 บาท/กก.
ลูกชิ้น/ไส้กรอก,ฮอทดอกนมหนังกรอบ แหลมทอง แพ็ค 500g.,฿ 35–350 บาท/กก.
ลูกชิ้น/ไส้กรอก,ยออุบล(แผ่น) ก้าวหน้า แพ็ค 1 kg. (10แพ็ค/หิ้ว),฿ 40–400 บาท/กก.
ลูกชิ้น/ไส้กรอก,ไส้กรอกสอดไส้ชีส ฟาร์มสุข แพ็ค 500 g.,฿ 55–550 บาท/กก.
ลูกชิ้น/ไส้กรอก,ค๊อกเทลเนย ก้าวหน้า แพ็ค 1kg.,฿ 75–375 บาท/กก.
ลูกชิ้น/ไส้กรอก,จัมโบ้แดง ฟาร์มสุข แพ็ค 1 kg.,฿ 50–225 บาท/กก.
ลูกชิ้น/ไส้กรอก,ไส้กรอกรมควันหนังกรอบ ฟาร์มสุข แพ็ค 1 kg.,฿ 80–385 บาท/กก.
ลูกชิ้น/ไส้กรอก,"ไส้กรอกสโมคกี้อร่อย ฟาร์มสุข แพ็ค 1,000g.",฿ 110–510 บาท/กก.
ลูกชิ้น/ไส้กรอก,ไส้กรอกสโมกกี้อร่อย ฟาร์มสุข แพ็ค 500g.,฿ 60–560 บาท/กก.
ลูกชิ้น/ไส้กรอก,"ไก่ยอใหญ่สไลด์พริก ฟาร์มสุข แพ็ค 1,060g.",฿ 55–57 บาท/กก.
ลูกชิ้น/ไส้กรอก,ค๊อกเทลแดง ก้าวหน้า แพ็ค 1kg.,฿ 57–285 บาท/กก.
ลูกชิ้น/ไส้กรอก,รมควันเน็ตเวิร์ค ก้าวหน้า แพ็ค 1kg.,฿ 70–350 บาท/กก.
ลูกชิ้น/ไส้กรอก,"ไก่ยอบันไซ ก้าวหน้า 1,000g.",฿ 31–620 บาท/กก.
ลูกชิ้น/ไส้กรอก,ตอปิโด ก้าวหน้า แพ็ค 1kg.,฿ 80–395 บาท/กก.
ลูกชิ้น/ไส้กรอก,เต้าหู้ไข่ CP 120g,฿ 10–350 บาท/กก.
ลูกชิ้น/ไส้กรอก,ไส้กรอกเนย ก้าวหน้า แพ็ค 1kg.,฿ 75–375 บาท/กก.
ลูกชิ้น/ไส้กรอก,เต้าหู้ไข่ เบทาโกร 120g,฿ 7–350 บาท/กก.
ลูกชิ้น/ไส้กรอก,ไส้กรอกหนังบางกรอบ เบทาโกร แพ็ค 500g,฿ 60–570 บาท/กก.
ลูกชิ้น/ไส้กรอก,ลูกชิ้นหมูรสเอก เบทาโกร แพ็ค 500g.,฿ 30–300 บาท/กก.
ลูกชิ้น/ไส้กรอก,ไส้กรอกบิ๊กไปท์บีฟู้ดส์ เบทาโกร แพ็ค 420g,฿ 30–300 บาท/กก.
ลูกชิ้น/ไส้กรอก,ฮอท2บาท ก้าวหน้า แพ็ค 1kg.,฿ 55–280 บาท/กก.
ลูกชิ้น/ไส้กรอก,ไส้กรอกไก่ชีสเนย KFM แพ็ค 900g.,฿ 80–385 บาท/กก.
ลูกชิ้น/ไส้กรอก,ไส้กรอกไก่รสปลาหมึก KFM แพ็ค 900g.,฿ 90–410 บาท/กก.
ลูกชิ้น/ไส้กรอก,แฟรงค์รมควันหนังกรอบ(โบราณ) ตรา PBM แพ็ค1000กรัม หิ้ว5แพ็ค,฿ 85–420 บาท/กก.
ลูกชิ้น/ไส้กรอก,ไส้กรอกแฟรงค์โกลด์ พี-พ็อค แพ็ค 500g.,฿ 50–480 บาท/กก.
ลูกชิ้น/ไส้กรอก,กุนเชียงพรพิชิต (ยาว) แพ็ค 500g.,"฿ 70–1,190 บาท/กก."
ลูกชิ้น/ไส้กรอก,เบคอนพันไส้กรอก แพ็ค 300g.,฿ 35–350 บาท/กก.
ลูกชิ้น/ไส้กรอก,กุนเชียงพรพิชิต (สั้น) แพ็ค 500g.,"฿ 70–1,190 บาท/กก."
ลูกชิ้น/ไส้กรอก,จัมโบ้แฟรงค์รมควันหนังกรอบ(โบราณ) ตรา PBM แพ็ค1000กรัม หิ้ว5,฿ 85–420 บาท/กก.
ลูกชิ้น/ไส้กรอก,ไส้กรอกไก่รสปูอบวุ้นเส้น แพ็ค 1 kg.,฿ 75–375 บาท/กก.
ลูกชิ้น/ไส้กรอก,ไส้กรอกไก่ชีสเนย ฟาร์มสุข แพ็ค 1 kg.,฿ 72–360 บาท/กก.
ลูกชิ้น/ไส้กรอก,ปลาเส้นเซี่ยงไฮ้ แพ็ค 1 kg.,฿ 72–360 บาท/กก.
ลูกชิ้น/ไส้กรอก,ไส้กรอกซิกเนเจอร์ แพ็ค 1 kg.,฿ 77–365 บาท/กก.
ลูกชิ้น/ไส้กรอก,เต้าหู้ปลาแผ่น กุนซือ แพ็ค 500g.,฿ 39–390 บาท/กก.
ลูกชิ้น/ไส้กรอก,เต้าหู้ปลาลูกเต๋า กุนซือ แพ็ค 500g.,฿ 39–390 บาท/กก.
ลูกชิ้น/ไส้กรอก,ไส้กรอกฮอทดอกแดง ไทยสตาร์ แพ็ค 1 kg.,฿ 49–240 บาท/กก.
ลูกชิ้น/ไส้กรอก,ฮอทดอกนม วนิลลา KFM แพ็ค 1 kg.,฿ 77–380 บาท/กก.
ลูกชิ้น/ไส้กรอก,ปลาเส้น มหาชัย แพ็ค 1 kg.,฿ 70–360 บาท/กก.
ลูกชิ้น/ไส้กรอก,ชีส สเปเชี่ยล Top GP แพ็ค 900g.,฿ 75–370 บาท/กก.
ลูกชิ้น/ไส้กรอก,ปลาหมึกย่าง สควิตตี้ Top GP แพ็ค 900g.,฿ 80–395 บาท/กก.
ลูกชิ้น/ไส้กรอก,ชีสเนย Top GP แพ็ค 900g.,฿ 75–370 บาท/กก.
ลูกชิ้น/ไส้กรอก,แหนมหมูย่าง ม.ขอนแก่น Top GP แพ็ค 450g.,฿ 42–400 บาท/กก.
ลูกชิ้น/ไส้กรอก,กุ้งพันสาหร่าย Top GP แพ็ค 400g.,฿ 35–330 บาท/กก.
ลูกชิ้น/ไส้กรอก,หมูยออุบล (พริกไทยดำเขียว) แท่งใหญ่ Top Gp,฿ 35–330 บาท/กก.
ลูกชิ้น/ไส้กรอก,หมูยออุบล (หนังหมูเหลือง) แท่งใหญ่ Top Gp,฿ 35–330 บาท/กก.
ลูกชิ้น/ไส้กรอก,ไก่ยอกลางสไลด์พริก ฟาร์มสุข แพ็ค 950g.,฿ 57–280 บาท/กก.
ลูกชิ้น/ไส้กรอก,ไส้กรอกไก่สอดไส้ชีส ฟาร์มสุข แพ็ค 600g.,฿ 55–530 บาท/กก.
แมลง,แมงสะดิ้ง แพ็ค 1 kg.,฿ 145–725 บาท/กก.
ลูกชิ้น/ไส้กรอก,หมูกระเทียม ม.ขอนแก่น Top GP แพ็ค 400g.,฿ 35–350 บาท/กก.
ลูกชิ้น/ไส้กรอก,ไส้กรอกอีสานไก่ Top GP แพ็ค 900g.,฿ 75–375 บาท/กก.
แมลง,จิ้งหรีด แพ็ค 500 กรัม,฿ 70 บาท/กก.
ลูกชิ้น/ไส้กรอก,หมูยออุบล(พริกไทยดำเขียวจิ๋ว) Top GP,฿ 35–350 บาท/กก.
แมลง,จิ้งโกร่ง แพ็ค 1 kg.,฿ 145–725 บาท/กก.
ลูกชิ้น/ไส้กรอก,วิลปลา กุนซือ แพ็ค 950g.,฿ 69–345 บาท/กก.
แมลง,ดักแด้ แพ็ค 2 kg.,฿ 130–756 บาท/กก.
ลูกชิ้น/ไส้กรอก,ไส้กรอกฮอทดอกไก่กรอบ ไทยฟูดส์ แพ็ค 1 kg.,฿ 42–200 บาท/กก.
แมลง,ดักแด้ แพ็ค 500g.,฿ 35 บาท/กก.
ลูกชิ้น/ไส้กรอก,ไส้กรอกไก่เกลียว รสกุ้ง แพ็ค 500g.,฿ 39–390 บาท/กก.
แมลง,จิ้งหรีด แพ็ค 1 kg.,฿ 145–725 บาท/กก.
ลูกชิ้น/ไส้กรอก,ไส้กรอกไก่เกลียว รสเวียนนา แพ็ค 500g.,฿ 39–390 บาท/กก.
แมลง,ดักแด้ กล่อง5 กก.,฿ 89–395 บาท/กก.
ลูกชิ้น/ไส้กรอก,จัมโบ้รมควัน 14ชิ้น แหลมทอง แพ็ค 1 kg.,฿ 75–375 บาท/กก.
แมลง,"ดักแด้ แพ็ค 1,000g.",฿ 69–790 บาท/กก.
ลูกชิ้น/ไส้กรอก,จัมโบ้รมควัน 13ชิ้น แหลมทอง แพ็ค 1 kg.,฿ 75–375 บาท/กก.
ลูกชิ้น/ไส้กรอก,แฟร้งค์ไก่กะเพรา 26ชิ้น แหลมทอง แพ็ค 1 kg.,฿ 83–425 บาท/กก.
ลูกชิ้น/ไส้กรอก,เซดดาร์ชีส-ฟุตลอง แหลมทอง แพ็ค 400g.,฿ 35–350 บาท/กก.
ลูกชิ้น/ไส้กรอก,ฮอทดอกหนังกรอบยกนิ้ว แหลมทอง แพ็ค 350g.,฿ 35–350 บาท/กก.
ลูกชิ้น/ไส้กรอก,จัมโบ้รมควัน 15ชิ้น แหลมทอง แพ็ค 1 kg.,฿ 75–375 บาท/กก.
ลูกชิ้น/ไส้กรอก,ไส้กรอกอีสานแซ่บอีสาน(เหลือง+แดง) แพ็ค 900g.,฿ 70 บาท/กก.
ลูกชิ้น/ไส้กรอก,ไส้กรอกอีสานแม่ภู แพ็ค 900g.,฿ 70–350 บาท/กก.
ลูกชิ้น/ไส้กรอก,ไส้กรอกเนื้อ แพ็ค 900g.,฿ 70–350 บาท/กก.
ลูกชิ้น/ไส้กรอก,แวมไพร์ จี๊ดจ๊าด แพ็ค 500g,฿ 61–600 บาท/กก.
ลูกชิ้น/ไส้กรอก,ลูกชิ้นปันปัน ก้าวหน้า แพ็ค 1kg.,฿ 55–240 บาท/กก.
ลูกชิ้น/ไส้กรอก,จัมโบ้คอลลาเจน ก้าวหน้า แพ็ค 1kg.,฿ 80–395 บาท/กก.
ลูกชิ้น/ไส้กรอก,ฮอท5บาท ก้าวหน้า แพ็ค 1kg.,฿ 57–280 บาท/กก.
ลูกชิ้น/ไส้กรอก,ไก่ยอพริก เบทาโกร แพ็ค 500g.,฿ 35–310 บาท/กก.
ลูกชิ้น/ไส้กรอก,ไก่ยอลายหินอ่อนขาว เบทาโกร แพ็ค 500g,฿ 35–310 บาท/กก.
ลูกชิ้น/ไส้กรอก,โบโลญ่าพริก(ไก่ผสมหมู) เบทาโกร แพ็ค 340g,฿ 35–310 บาท/กก.
ลูกชิ้น/ไส้กรอก,โบโลญ่าหมู(ไก่ผสมหมู) เบทาโกร แพ็ค 340g,฿ 35–310 บาท/กก.
ลูกชิ้น/ไส้กรอก,บิ๊กวัน ก้าวหน้า แพ็ค 1kg.,฿ 56–280 บาท/กก.
เส้น,เส้นแก้ว แพ็ค 1 kg.,฿ 65–720 บาท/กก.
เส้น,เส้นหมี่สด ช.แชมป์ แพ็ค 500g.,฿ 18–180 บาท/กก.
เส้น,เส้นหมี่สด เหลียงเฮง แพ็ค 500g.,฿ 16–160 บาท/กก.
เส้น,บะหมี่เหลือง เหลียงเฮง แพ็ค 500g.,฿ 25–250 บาท/กก.
เส้น,บะหมี่หยก เหลียงเฮง แพ็ค 500g.,฿ 25–250 บาท/กก.
เส้น,แผ่นเกี๊ยวหนาทอด เหลียงเฮง แพ็ค 500g.,฿ 25–250 บาท/กก.
เส้น,เกี๊ยวแผ่นเหลือง(ต้ม) เหลียงเฮง แพ็ค 500g.,฿ 25–250 บาท/กก.
เส้น,เกี๊ยวแผ่นหยก(ต้ม) เหลียงเฮง แพ็ค 500g.,฿ 25–250 บาท/กก.
เส้น,เส้นก๋วยเตี๋ยว(เส้นหมี่สด) ซุนกี่ แพ็ค 500g.,฿ 19–190 บาท/กก.
เส้น,เส้นก๋วยเตี๋ยว(เส้นเล็ก) ซุนกี่ แพ็ค 1 kg.,฿ 36–360 บาท/กก.
เส้น,"เส้นราดหน้า ซุนกี่ แพ็ค 1,000g.",฿ 28–130 บาท/กก.
เส้น,เส้นก๋วยจั๊บ(เส้นเล็ก) ตราดาว แพ็ค 500g.,฿ 25–450 บาท/กก.
เส้น,เส้นก๋วยจั๊บ(เส้นใหญ่) ตราดาว แพ็ค 500g.,฿ 25–450 บาท/กก.
เส้น,"เส้นราดหน้า(เส้นใหญ่ผัด) ตราดาว แพ็ค 1,000g.",฿ 35–400 บาท/กก.
เส้น,เส้นก๋วยจั๊บ(เส้นซอย) ตราดาว แพ็ค 500g.,฿ 25–450 บาท/กก.
เส้น,Berrak สปาเก็ตตี้ แพ็ค 500g.,฿ 40–760 บาท/กก.
เส้น,Doga สปาเก็ตตี้1.7mm แพ็ค500กรัม,฿ 39–760 บาท/กก.
เส้น,เส้นก๋วยเตี๋ยว(เส้นสั้น3ส่วน) ซุนกี่ แพ็ค 1 kg.,฿ 36–360 บาท/กก.
เส้น,แผ่นเกี๊ยวหนาทอด ซุนกี่ แพ็ค 500g.,฿ 25–250 บาท/กก.
เส้น,บะหมี่เหลือง ซุนกี่ แพ็ค 500g.,฿ 25–250 บาท/กก.
เส้น,FF บะหมี่อบแห้งสไตล์เกาหลี 380g,"฿ 42–1,260 บาท/กก."
เส้น,FF โชกุนบะหมี่หยกอบแห้ง 380g,"฿ 42–1,260 บาท/กก."
เส้น,อั่งเปา บะหมี่จัดชุด 850g,฿ 25 บาท/กก.
เส้น,FF โชกุนบะหมี่อบแห้ง 380g,"฿ 42–1,260 บาท/กก."
เส้น,FF บะหมี่ชนิดก้อน 900g,"฿ 68–1,088 บาท/กก."
เส้น,เส้นก๋วยจั๊บ(เส้นแบน) ซุนกี่ แพ็ค 500g.,฿ 20–200 บาท/กก.
เส้น,เส้นก๊วยจั๊บเล็ก ตราเมืองไทย แพ็ค 500 กรัม,฿ 20–400 บาท/กก.
เส้น,เส้นก๋วยเตี๋ยวสด(สั้น) ช้างสามตัว แพ็ค 1 kg.,฿ 35–350 บาท/กก.
เส้น,เส้นก๋วยเตี๋ยวสด(ยาว) ช้างสามตัว แพ็ค 1 kg.,฿ 35–350 บาท/กก.
เส้น,วุ้นเส้นสด กิเลนคู่ แพ็ค 500g.,฿ 15–140 บาท/กก.
เส้น,บะหมี่ก้อนเส้นดี21ก้อน,"฿ 65–1,040 บาท/กก."
เส้น,วุ้นเส้นแห้ง ตองเคจ์ 500g.,"฿ 50–1,000 บาท/กก."
เส้น,วุ้นเส้นสด ตองเคจ์ 500g.,฿ 15–150 บาท/กก.
เส้น,เส้นก๋วยเตี๋ยว(เล็ก) ช.แชมป์ แพ็ค 1 kg.,฿ 25–175 บาท/กก.
เส้น,มาม่าข้าวต้ม รสหมูสับกระเทียมพริกไทย 35g,฿ 20–120 บาท/กก.
เส้น,มังกรคู่ ก๋วยเตี๋ยวเรือน้ำตกสูตรโบราณ(คัพ) 55g,฿ 25–150 บาท/กก.
เส้น,ANATOLI เส้นสปาเก็ตตี้ แพ็ค 500g.,฿ 39–760 บาท/กก.
เส้น,เส้นแก้วสาหร่าย คาวา แพ็ค 1 kg.,฿ 65–650 บาท/กก.
เส้น,มาม่าคัพ รสสไปซี่ชีส 63g.,฿ 17–102 บาท/กก.
เส้น,มาม่า ออเรียนทัลคิตเชน รสผัดไข่เค็ม 80 กรัม.,฿ 20–60 บาท/กก.
เส้น,วุ้นเส้น สายฝน 35g.,฿ 12–120 บาท/กก.
เส้น,วุ้นเส้น สายฝน 22g.,฿ 10–200 บาท/กก.
เส้น,วุ้นเส้น สายฝน 70g.,฿ 16 บาท/กก.
เส้น,วุ้นเส้น ต้นสน 80g.,฿ 20–180 บาท/กก.
เส้น,เส้นหมี่ไวไว แพ็ค 500g.,"฿ 39–1,368 บาท/กก."
เส้น,ไวไวควิก(คัพ) รสต้มโคล้ง 60g,฿ 15–90 บาท/กก.
เส้น,ไวไวควิก(คัพ) รสกุ้งนึ่งมะนาว 55g.,฿ 15–90 บาท/กก.
เส้น,มาม่าคัพ รสหมูสับ 60g.,฿ 15–90 บาท/กก.
เส้น,มาม่าคัพ รสต้มยำกุ้งน้ำข้น 60g.,฿ 15–90 บาท/กก.
เส้น,มาม่าคัพ รสเย็นตาโฟต้มยำหม้อไฟ 60g.,฿ 15–90 บาท/กก.
เส้น,ยำยำ(คัพ) รสหมูสับ 60g.,฿ 15–90 บาท/กก.
เส้น,มาม่าคัพ รสต้มยำกุ้ง 60g.,฿ 15–90 บาท/กก.
เส้น,มาม่าคัพ รสแกงเขียวหวานไก่ 60g.,฿ 15–90 บาท/กก.
เส้น,ยำยำ(คัพ) รสต้มยำทะเลซีฟู้ด 60g.,฿ 15–90 บาท/กก.
เส้น,วุ้นเส้นสด เกาลูน 500g.,฿ 20–140 บาท/กก.
เส้น,บุกขาว แพ็ค 1 kg.,฿ 65–500 บาท/กก.
เส้น,วุ้นเส้นสด ต้นแก้ว 500g.,฿ 15–140 บาท/กก.
เส้น,ยำยำ(คัพ) รสต้มยำกุ้ง 60g.,฿ 15–90 บาท/กก.
เส้น,ยำยำ(คัพ) รสต้มยำกุ้งน้ำข้น 60g.,฿ 15–90 บาท/กก.
เส้น,บุกไข่ แพ็ค 1 kg.,฿ 80–640 บาท/กก.
เส้น,ไวไวควิก(คัพ) รสหมูสับต้มยำ 60g,฿ 15–90 บาท/กก.
ของกินเล่น,ปูอัด A (กล่องน้ำตาล) แพ็ค 500g.,฿ 55–950 บาท/กก.
ของกินเล่น,ลูกชิ้นปลานามิ TVI แพ็ค 250g.,฿ 35–650 บาท/กก.
ของกินเล่น,เต้าหู้ปลานามิ TVI แพ็ค 200g.,฿ 35–570 บาท/กก.
ของกินเล่น,เบคอน แพ็ค 1 kg.,"฿ 179–1,590 บาท/กก."
ของกินเล่น,ปูอัดอ่าวไทย แพ็ค 450g.,฿ 45–800 บาท/กก.
ของกินเล่น,ซาลาเปาไส้ไข่กุ้ง TVI แพ็ค 500g.,"฿ 85–1,550 บาท/กก."
ของกินเล่น,ก้ามโอเชี่ยน TVI แพ็ค 500g.,"฿ 79–1,250 บาท/กก."
ของกินเล่น,คอมโบ้ฟิชบัน TVI แพ็ค 500g.,"฿ 85–1,520 บาท/กก."
ของกินเล่น,ซาลาเปาใส้ครีมชีส TVI แพ็ค 500g.,"฿ 85–1,420 บาท/กก."
ของกินเล่น,ซาลาเปาใส้ไข่เค็ม TVI แพ็ค 500g.,"฿ 79–1,550 บาท/กก."
ของกินเล่น,ชิคุวะ เนื้อปลาบดปรุงรสย่าง TVI แพ็ค 500g.,฿ 60–990 บาท/กก.
ของกินเล่น,กุ้งแม็กนั่ม TVI Ocean Chef แพ็ค 500g.,"฿ 75–1,090 บาท/กก."
ของกินเล่น,เต้าหู้ปลา TVI แพ็ค 500g.,"฿ 80–1,300 บาท/กก."
ของกินเล่น,ปลาหมึกหลอด TVI แพ็ค500g.,"฿ 60–1,100 บาท/กก."
ของกินเล่น,ปูอัดนามิ TVI แพ็ค 200g.,฿ 35–650 บาท/กก.
ของกินเล่น,ลูกชิ้นกุ้งมังกร TVI แพ็ค 500g.,"฿ 79–1,400 บาท/กก."
ของกินเล่น,ปูอัดตราคานิจัง TVI 7cm.42แท่ง แพ็ค 500g.,฿ 65–990 บาท/กก.
ของกินเล่น,ปูเบนโตะ TVI แพ็ค 500g.,"฿ 90–1,400 บาท/กก."
ของกินเล่น,ปูอัดตราคานิจัง TVI 12cm.25แท่ง แพ็ค 500g.,฿ 65–990 บาท/กก.
ของกินเล่น,ปูอัดจัมโบ้ TVI แพ็ค 500g.,"฿ 69–1,100 บาท/กก."
ของกินเล่น,เต้าหู้ปลามิกิ PFP แพ็ค 480g.,"฿ 59–1,120 บาท/กก."
ของกินเล่น,เต้าหู้ปลาลูกเต๋า PFP แพ็ค 500g.,"฿ 59–1,070 บาท/กก."
ของกินเล่น,เต้าหู้ปลาแผ่น PFP แพ็ค 500g.,"฿ 59–1,000 บาท/กก."
ของกินเล่น,ฟองเต้าหู้ซีฟู้ด PFP แพ็ค 500g.,"฿ 79–1,390 บาท/กก."
ของกินเล่น,สินค้าราคาพิเศษ,฿ 5 บาท/กก.
ของกินเล่น,เต้าหู้ชีส PFP แพ็ค 500g.,"฿ 79–1,450 บาท/กก."
ของกินเล่น,เฟรนฟรายด์(10มิล) PFP แพ็ค 1 kg.,฿ 85–950 บาท/กก.
ของกินเล่น,เฟรนฟรายด์(7มิล) PFP แพ็ค 1 kg.,฿ 85–950 บาท/กก.
ของกินเล่น,นักเก็ตไก่ ซันเเวลเล่ย์ แพ็ค 1 kg.,"฿ 125–1,200 บาท/กก."
ของกินเล่น,ไก่ป๊อปรสดั้งเดิม ซันเเวลเล่ย์ แพ็ค 1 kg.,"฿ 115–1,090 บาท/กก."
ของกินเล่น,ไก่ป๊อปรสสไปซี่ ซันเเวลเล่ย์ แพ็ค 1 kg.,"฿ 115–1,090 บาท/กก."
ของกินเล่น,ชิกเก้นสติ๊ก ซันเเวลเล่ย์ แพ็ค 1 kg.,"฿ 145–1,400 บาท/กก."
ของกินเล่น,เฟรนฟรายด์ Jolden Fritto เส้นหยัก แพ็ค 1 kg.,฿ 89–850 บาท/กก.
ของกินเล่น,เฟรนฟรายด์ Extra crispy (7มิล) แพ็ค 1 kg.,฿ 79–750 บาท/กก.
ของกินเล่น,ปีกไก่กรอบรสบาร์บีคิว ซันเเวลเล่ย์ แพ็ค 1 kg.,"฿ 140–1,350 บาท/กก."
ของกินเล่น,ปูเบนโตะพลัส 250 กรัม TVI,฿ 60–950 บาท/กก.
ของกินเล่น,เฟรนฟรายด์กล่องขาว(7มิล) แพ็ค1000กรัม,฿ 39–450 บาท/กก.
ของกินเล่น,เปาทูโทนไส้ไข่กุ้ง TVI แพ็ค 500g.,"฿ 89–1,600 บาท/กก."
ของกินเล่น,ตัวปลา TVI แพ็ค 500g.,"฿ 69–1,200 บาท/กก."
ของกินเล่น,ปูไลน์ TVI แพ็ค 500g.,"฿ 69–1,250 บาท/กก."
ของกินเล่น,เมก้าแครบ TVI แพ็ค 500g.,"฿ 69–1,250 บาท/กก."
ของกินเล่น,ลูกชิ้นกุ้ง TVI แพ็ค 500g.,"฿ 79–1,400 บาท/กก."
ของกินเล่น,ชังกี้ไบท์ ซันเเวลเล่ย์ แพ็ค 1 kg.,"฿ 140–1,350 บาท/กก."
ของกินเล่น,ปีกไก่กรอบรสดั้งเดิม ซันเเวลเล่ย์ แพ็ค 1 kg.,"฿ 140–1,350 บาท/กก."
ของกินเล่น,ชีสบอลมินิคุ้มจัง(40ลูก) แพ็ค 500g.,฿ 89–850 บาท/กก.
ของกินเล่น,ปูอัดทูโทนไส้ชีส TVI แพ็ค 500g.,"฿ 69–1,350 บาท/กก."
ของกินเล่น,สันในไก่ชุบแป้งทอด ซันเเวลเล่ย์ แพ็ค 1 kg.,"฿ 135–1,350 บาท/กก."
ของกินเล่น,เนื้อสะโพกไก่กรอบ ซันเเวลเล่ย์ แพ็ค 1 kg.,"฿ 120–1,150 บาท/กก."
ของกินเล่น,เฟรนฟรายด์กล่องขาว(10มิล) แพ็ค1000กรัม,฿ 39–390 บาท/กก.
ของกินเล่น,ดับเบิ้ลชีสปูอัด TVI แพ็ค 500g.,฿ 89–850 บาท/กก.
ของกินเล่น,เฟรนฟรายด์ (Uranus) 10มิล แพ็ค 1 kg.,฿ 42–750 บาท/กก.
ของกินเล่น,สะโพกไก่ทอดไร้กระดูก ซันเเวลเล่ย์ แพ็ค 1 kg.,฿ 99–950 บาท/กก.
ของกินเล่น,เนื้อน่องไก่ ซันเเวลเล่ย์ แพ็ค 2 kg.,฿ 160–900 บาท/กก.
ของกินเล่น,ปีกบนไก่ ตรา ซันแวลเล่ย์ แพ็ค1000 กรัม,฿ 89–810 บาท/กก.
ของกินเล่น,เบคอน แพ็ค 700g.,฿ 130–625 บาท/กก.
ของกินเล่น,ชีสบอลมินิคุ้มจัง แพ็ค500กรัม/40ลูก,"฿ 79–1,020 บาท/กก."
ของกินเล่น,ชีสบอลซุปเปอร์คุ้ม แพ็ค500กรัม/20ลูก,"฿ 79–1,020 บาท/กก."
ของกินเล่น,ชีสโตะจัง Cheese Dip(ถุงส้ม) แพ็ค 400g.,฿ 50–900 บาท/กก.
ของกินเล่น,เต้าหู้แผ่น ขาว,฿ 15–120 บาท/กก.
ของกินเล่น,เต้าหู้แผ่น เหลือง,฿ 15–120 บาท/กก.
ของกินเล่น,มอซซาเรล่าชีส แพ็ค 200g.,"฿ 69–1,200 บาท/กก."
ของกินเล่น,ฟองเต้าหู้ปูอัด TVI แพ็ค 500g.,฿ 79–700 บาท/กก.
ของกินเล่น,ปูอัดแผ่นสำหรับทอดกรอบ TVI แพ็ค 500g.,฿ 69–650 บาท/กก.
ของกินเล่น,มินิบอล.มานี แพ็ค600กรัม/30ลูก,฿ 79–690 บาท/กก.
ของกินเล่น,แคร็ปป๊อป.มานี แพ็ค500กรัม/40-45ชิ้น,฿ 69–690 บาท/กก.
ของกินเล่น,เมก้าแครบสอดไส้ชีส TVI แพ็ค 500g.,"฿ 69–1,250 บาท/กก."
ของกินเล่น,ปูเด้ง PFP แพ็ค 500g.,"฿ 65–1,200 บาท/กก."
ของกินเล่น,ไก่กุ๊กกิ๊ก ซันเเวลเล่ย์ แพ็ค 1 kg.,฿ 89–850 บาท/กก.
ของกินเล่น,ลูกชิ้นปลา TOFU แพ็ค 500 กรัม,"฿ 50–1,000 บาท/กก."
ของกินเล่น,ปูอัดลายเสือ TVI แพ็ค 500g.,฿ 69–650 บาท/กก.
ของกินเล่น,นักเก็ตไก่ทอดกรอบ เบทาโกร แพ็ค 1 kg.,฿ 105–840 บาท/กก.
ของกินเล่น,"นักเก็ตไก่รสดั้งเดิม Fremio 1,000g","฿ 109–1,090 บาท/กก."
ของกินเล่น,ปูทอง TVI แพ็ค 500g.,"฿ 69–1,090 บาท/กก."
ของกินเล่น,ไก่ซี๊ดซ้าด ซันเเวลเล่ย์ แพ็ค 1 kg.,฿ 99–990 บาท/กก.
ของกินเล่น,"ชาบู8เซียน TVI แพ็ค 1,000g.","฿ 135–1,350 บาท/กก."
ของกินเล่น,เฟรนฟรายด์ ฟาร์มสุข (7มิล) แพ็ค1 kg.,฿ 45–450 บาท/กก.
ของกินเล่น,กุยช่ายปลาสติ๊ก TVI แพ็ค 500g.,"฿ 59–1,090 บาท/กก."
ของกินเล่น,เฟรนฟรายด์ ฟาร์มสุข (10มิล) แพ็ค 1 kg.,฿ 45–450 บาท/กก.
ของกินเล่น,ปีกกลางไก่ผ่าทอด แพ็ค 1kg.,฿ 99–570 บาท/กก.
ของกินเล่น,ปลาห่อสาหร่าย TVI แพ็ค 500g.,฿ 62–590 บาท/กก.
ของกินเล่น,เต้าหู้ปลา ป๊อบอัพ TVI แพ็ค 500g.,฿ 55–990 บาท/กก.
ของกินเล่น,พิงก์ฟงเบบี้ชาร์ค(เหลือง) TVI แพ็ค 500g.,฿ 85–750 บาท/กก.
ของกินเล่น,พิงก์ฟงมัมมี่ชาร์ค(ชมพู) TVI แพ็ค 500g.,฿ 85–750 บาท/กก.
ของกินเล่น,หยดน้ำไส้ผักโขมชีส TVI แพ็ค 500g.,฿ 79–690 บาท/กก.
ของกินเล่น,ปูอัด ป๊อบอัพ TVI แพ็ค 450g.,฿ 50–990 บาท/กก.
ของกินเล่น,ชีสบอล(24ลูก) ตรามงกุฎ แพ็ค 500g.,฿ 95–850 บาท/กก.
ของกินเล่น,ปูหลอด TVI แพ็ค 500g.,"฿ 75–1,250 บาท/กก."
ของกินเล่น,ชีสบอลซุปเปอร์คุุ้ม(20ลูก) แพ็ค 500g.,฿ 90–850 บาท/กก.
ของกินเล่น,มินิชีสบอล(40ลูก) ตรามงกุฎ แพ็ค 500g.,฿ 95–850 บาท/กก.
ของกินเล่น,เฟรนฟรายด์ (venus) ชูสตริง7มิล แพ็ค 1 kg.,฿ 42–750 บาท/กก.
ของกินเล่น,ขนมจีบหมู บุฟเฟต์ แพ็ค40ชิ้น,฿ 109–850 บาท/กก.
ของกินเล่น,ลูกชิ้นปลา TVI แพ็ค 500g.,"฿ 75–1,200 บาท/กก."
ของกินเล่น,รวมมิตรแองกี้เบิร์ด TVI แพ็ค 500g.,"฿ 85–1,400 บาท/กก."
ของกินเล่น,กุ้งหิมะ TVI แพ็ค 500g.,"฿ 79–1,200 บาท/กก."
ของกินเล่น,ซาลาเปาไส้ ข้าวโพดครีมชีส TVI แพ็ค 500g.,"฿ 79–1,450 บาท/กก."
ของกินเล่น,สาหร่ายวากาเมะ TVI แพ็ค 500g.,฿ 85–800 บาท/กก.
ผัก-ผลไม้,เห็ดชิเมจิ(ขาว) 125g,฿ 12–576 บาท/กก.
ผัก-ผลไม้,เห็นหลินโอ (เห็ดหิมะขาว)แพ็ค1000กรัม,฿ 90–700 บาท/กก.
ผัก-ผลไม้,A88 เห็ดหิมะ(ดำ) 150g,฿ 15–600 บาท/กก.
ผัก-ผลไม้,A88 เห็ดหิมะ(ขาว) แพ็ค150g,฿ 15–520 บาท/กก.
ผัก-ผลไม้,เห็ดออริจิถ้วย แพ็ค200g,฿ 20–600 บาท/กก.
ผัก-ผลไม้,เห็ดออริ แพ็ค1กก.,฿ 70–350 บาท/กก.
ผัก-ผลไม้,เห็ดขาวแผง แพ็ค,฿ 20–200 บาท/กก.
ผัก-ผลไม้,เห็ดชิเมจิ(ดำ) 125g,฿ 12–430 บาท/กก.
ผัก-ผลไม้,เห็ดหอมสด แพ็ค 1kg,฿ 170–850 บาท/กก.
ผัก-ผลไม้,ชิเมจิ (ขาว-ดำ) แพ็ค150g,฿ 30–720 บาท/กก.
ผัก-ผลไม้,เห็ดเข็มทอง ENOKI 200กรัม,฿ 15–280 บาท/กก.
ผัก-ผลไม้,แครอท,฿ 30 บาท/กก.
ผัก-ผลไม้,ข้าวโพดฝักอ่อน,฿ 20 บาท/กก.
ผัก-ผลไม้,เห็ดเข็มทอง 200กรัม,฿ 15–310 บาท/กก.
ผัก-ผลไม้,เห็ดเข็มทอง เกรด B แพ็ค 1000กรัม,฿ 49–470 บาท/กก.
ผัก-ผลไม้,เห็ดเข็มทอง เกรด A แพ็ค 1000กรัม,฿ 55–540 บาท/กก.
เครื่องปรุงรส,เกลือ,฿ 300 บาท/กก.
เครื่องปรุงรส,เกลือทะเล กระสอบ 25กก.,฿ 150 บาท/กก.
เครื่องปรุงรส,เกลือปรุงทิพย์ 150g.,฿ 10–200 บาท/กก.
เครื่องปรุงรส,ซอสหอยนางรม แม่ครัว 300g.,฿ 40–480 บาท/กก.
เครื่องปรุงรส,แป้งโกกิ 150g.,฿ 20 บาท/กก.
เครื่องปรุงรส,ผักกาดดองเค็ม นกพิราบ 230g.,฿ 35–200 บาท/กก.
เครื่องปรุงรส,น้ำพริกเผา ตราแม่ประนอม 51 g.,฿ 20 บาท/กก.
เครื่องปรุงรส,อัมพวา กระทิ 100% 250 กรัม,฿ 30 บาท/กก.
เครื่องปรุงรส,ทาคูมิอายิ โชยุญี่ปุ่น 200ml.,฿ 31–186 บาท/กก.
เครื่องปรุงรส,เต้าเจี้ยวสูตร 1 ตราเด็กสมบูรณ์ 350g.,฿ 24 บาท/กก.
เครื่องปรุงรส,ซอสปรุงรสฝาเขียว ภูเขาทอง 500ml.,฿ 32 บาท/กก.
เครื่องปรุงรส,คนอร์ ซุปก้อนรสต้มยำ 24g,฿ 10–240 บาท/กก.
เครื่องปรุงรส,คนอร์ ซุปก้อนรสหมู 20g.,฿ 10 บาท/กก.
เครื่องปรุงรส,กุ๊ก น้ำมันถั่วเหลือง(ขวด) 1 L.,฿ 67 บาท/กก.
เครื่องปรุงรส,ซอส โชยุยามาโมริซาซิมิ 5 ml.,฿ 5 บาท/กก.
เครื่องปรุงรส,ซอสมะเขือเทศ โรซ่า (ขวดบีบ) 250g,฿ 28 บาท/กก.
เครื่องปรุงรส,แม่บุญล้ำ น้ำปลาร้าต้มสุก 400 ml. (ฝาแดง),฿ 25–600 บาท/กก.
เครื่องปรุงรส,ทิพรส น้ำปลาแท้ 700 ml.,฿ 32–600 บาท/กก.
เครื่องปรุงรส,ซีอิ๊วดำ เด็กสมบูรณ์ 370ml.,฿ 21–504 บาท/กก.
เครื่องปรุงรส,ซอสพริก โรซ่า (ขวด) 300g.,฿ 30–720 บาท/กก.
เครื่องปรุงรส,Yummy ผงปรุงรส รสชีส 500g.,"฿ 105–1,000 บาท/กก."
เครื่องปรุงรส,แม็กกี้ ซอสปรุงอาหาร 680 มล.,฿ 38 บาท/กก.
เครื่องปรุงรส,คนอร์ ซุปก้อนรสไก่ 20g,฿ 8–192 บาท/กก.
เครื่องปรุงรส,Yummy ผงปรุงรส รสปาปริก้า 500g.,฿ 109 บาท/กก.
เครื่องปรุงรส,น้ำมะนาว ฟ้าไทย 300ml.,฿ 15 บาท/กก.
เครื่องปรุงรส,คุณหนู น้ำปลาร้าต้มสุข 400 ml.,฿ 22–265 บาท/กก.
เครื่องปรุงรส,ชาวเกาะ กะทิแท้100% (กล่อง) 500ml.,฿ 46–138 บาท/กก.
เครื่องปรุงรส,"ซอสพริก โรซ่า (ถุงเติม) 1,000g.",฿ 36–432 บาท/กก.
เครื่องปรุงรส,"ซอสมะเขือเทศ โรซ่า (ถุงเติม) 1,000g.",฿ 40–480 บาท/กก.
เครื่องปรุงรส,คนอร์ ซอสมะขามเปียกเข้มข้น 850g.,฿ 108 บาท/กก.
เครื่องปรุงรส,มิตรผล น้ำตาลเชื่อมสำเร็จรูป 800ml.,฿ 44–528 บาท/กก.
เครื่องปรุงรส,"ชาวเกาะ กะทิแท้100% (ขวด) 1,000ml.","฿ 85–1,008 บาท/กก."
เครื่องปรุงรส,ซีอิ๊วขาวเห็ดหอม เด็กสมบูรณ์ 700ml.,฿ 63–189 บาท/กก.
เครื่องปรุงรส,ซีอิ๊วขาวสูตร1 เด็กสมบูรณ์ 700ml.,฿ 58–155 บาท/กก.
เครื่องปรุงรส,ซีอิ๊วขาวฉลากแดง เด็กสมบูรณ์ 700ml.,฿ 35–420 บาท/กก.
เครื่องปรุงรส,ซีอิ๊วดำสูตร5 เด็กสมบูรณ์ 940ml.,฿ 35–353 บาท/กก.
เครื่องปรุงรส,เต้าเจี้ยวสูตร1 เด็กสมบูรณ์ 800 ml.,฿ 47–123 บาท/กก.
เครื่องปรุงรส,เต้าเจี้ยวสูตร2 ฉลากฟ้า เด็กสมบูรณ์ 800 ml.,฿ 43–112 บาท/กก.
เครื่องปรุงรส,ซอสเห็ดหอม เด็กสมบูรณ์ 800ml.,฿ 58 บาท/กก.
เครื่องปรุงรส,ชีสโตะจัง มายองเนสสูตรอเนกประสงค์ 800g.,฿ 48–480 บาท/กก.
เครื่องปรุงรส,รสดี น้ำซุปก๋วยเตี๋ยวเข้มข้นกลมกล่อม 850g.,฿ 99 บาท/กก.
เครื่องปรุงรส,รสดี น้ำซุปก๋วยเตี๋ยวครบเครื่อง3เกลอ 850g.,฿ 99 บาท/กก.
เครื่องปรุงรส,รสดี ซุปก้อนรสซุปกระดูกหมู 40g.,฿ 15–106 บาท/กก.
เครื่องปรุงรส,รสดี พะโล้สูตรเข้มข้นรสดีเมนู 80g.,฿ 32–260 บาท/กก.
เครื่องปรุงรส,รสดี ผงปรุงรสรสไก่ 800g.,฿ 105 บาท/กก.
เครื่องปรุงรส,รสดี ผงปรุงรสรสหมู 800g.,"฿ 105–1,050 บาท/กก."
เครื่องปรุงรส,รสดี ผงปรุงรสรสไก่ 400g.,฿ 63 บาท/กก.
เครื่องปรุงรส,รสดี แป้งชุบทอดกรอบ รสต้นตำหรับ 90g.,฿ 20–125 บาท/กก.
เครื่องปรุงรส,รสดีเมนู ลาบน้ำตก 30 กรัม,฿ 17–147 บาท/กก.
เครื่องปรุงรส,รสดี ผงปรุงรสรสไก่ 155g.,฿ 30–246 บาท/กก.
เครื่องปรุงรส,รสดี ซุปก้อนรสหมู 40g.,฿ 10–102 บาท/กก.
เครื่องปรุงรส,นิสชินคัพ รสไก่เผ็ดเกาหลี 71g.,฿ 20 บาท/กก.
เครื่องปรุงรส,ผงชูรส อายิโนะโมะโต๊ะ(ถ้วยแดง) 500g.,฿ 59–264 บาท/กก.
เครื่องปรุงรส,คนอร์ ซุปก้อนรสหมู 80g,฿ 20–240 บาท/กก.
เครื่องปรุงรส,คนอร์ ซุปก้อนรสไก่ 80 กรัม,฿ 20 บาท/กก.
เครื่องปรุงรส,คนอร์ ซุปก้อนรสไก่ 40 กรัม,฿ 10–120 บาท/กก.
เครื่องปรุงรส,คนอร์ ซอสลาบ-น้ำตกปรุงรสสำเร็จชนิดผง 30g.,฿ 17–170 บาท/กก.
เครื่องปรุงรส,ซอสปรุงรส เด็กสมบูรณ์ 600ml.,฿ 37–111 บาท/กก.
เครื่องปรุงรส,แม่น้อย พริกหม่าล่า 250g.,฿ 123 บาท/กก.
เครื่องปรุงรส,เกสร น้ำมันปาล์ม(ถุงเติม) 1 L.,฿ 49–588 บาท/กก.
เครื่องปรุงรส,หอยหลอด น้ำปลาเพ็ท 700ml.,฿ 35–82 บาท/กก.
เครื่องปรุงรส,เมกาเซฟ น้ำปลาแท้ 700ml.,฿ 56–149 บาท/กก.
เครื่องปรุงรส,ไฮคิว ซอสพริกศรีราชา 670g.,฿ 29–87 บาท/กก.
เครื่องปรุงรส,ซอสปรุงรสฝาน้ำตาล ภูเขาทอง 1 L.,฿ 47–122 บาท/กก.
เครื่องปรุงรส,ซีอิ๊วขาว ภูเขาทอง 600ml.,฿ 30 บาท/กก.
เครื่องปรุงรส,ผงปรุงรสรสไก่ ฟ้าไทย 800g.,฿ 82–516 บาท/กก.
เครื่องปรุงรส,ผงปรุงรสรสหมู ฟ้าไทย 800g.,฿ 82–800 บาท/กก.
เครื่องปรุงรส,ผงทำน้ำซุปน้ำใส ฟ้าไทย 165g.,฿ 25–900 บาท/กก.
เครื่องปรุงรส,ผงทำน้ำซุปน้ำข้น ฟ้าไทย 165g.,฿ 25–900 บาท/กก.
เครื่องปรุงรส,ผงทำซุปน้ำใส ฟ้าไทย 800g.,฿ 82–860 บาท/กก.
เครื่องปรุงรส,น้ำก๋วยเตี๋ยวเข้มข้นน้ำข้น ฟ้าไทย 350g.,"฿ 35–1,008 บาท/กก."
เครื่องปรุงรส,ผงปรุงรสรสหมู ฟ้าไทย 165g.,฿ 25–840 บาท/กก.
เครื่องปรุงรส,ซุปน้ำรสหมู ฟ้าไทย 25ml.,฿ 5–476 บาท/กก.
เครื่องปรุงรส,ซีอิ๊วดำหวาน ง่วนเซียง 700g.,฿ 73 บาท/กก.
เครื่องปรุงรส,ซีอิ๊วดำฉลากส้ม ง่วนเซียง 940g.,฿ 33 บาท/กก.
เครื่องปรุงรส,"อร่อยดี กะทิ100% 1,000ml.","฿ 85–1,020 บาท/กก."
เครื่องปรุงรส,"เรียลไทย กะทิ100% 1,000ml.",฿ 79–948 บาท/กก.
เครื่องปรุงรส,อร่อยดี กะทิ100% 250ml.,฿ 29–165 บาท/กก.
เครื่องปรุงรส,น้ำก๋วยเตี๋ยวเข้มข้นรสเนื้อ ฟ้าไทย 350g.,"฿ 35–1,008 บาท/กก."
เครื่องปรุงรส,"แป้งข้าวโพด ตรากระต่าย 1,000g.",฿ 35–320 บาท/กก.
เครื่องปรุงรส,แป้งสาลี ตราดาวฟ้า 1 kg.,฿ 32 บาท/กก.
เครื่องปรุงรส,แป้งศรฟ้า 1 kg.,฿ 32 บาท/กก.
เครื่องปรุงรส,UFM แป้งทอดกรอบ 1 kg.,฿ 46 บาท/กก.
เครื่องปรุงรส,แป้งมัน แมวแดงดาวเทียม 500g.,"฿ 20–1,000 บาท/กก."
เครื่องปรุงรส,สีผสมอาหาร #สีส้ม-แดง 2g.,฿ 3–160 บาท/กก.
เครื่องปรุงรส,สีผสมอาหาร #สีแดงคิงส์ 2g.,฿ 3–160 บาท/กก.
เครื่องปรุงรส,สีผสมอาหาร #สีเหลือง 2g.,฿ 3–160 บาท/กก.
เครื่องปรุงรส,"สลัดครีม S05 เพียวฟู้ดส์ 1,000g.",฿ 67–670 บาท/กก.
เครื่องปรุงรส,พริกขี้หนูป่น ไร่ทิพย์ 100g.,฿ 22–210 บาท/กก.
เครื่องปรุงรส,แม่เหรียญ น้ำปลาร้าปรุงรส 380 ml.,฿ 25–276 บาท/กก.
เครื่องปรุงรส,เครื่องปรุงน้ำก๋วยเตี๋ยว สูตรน้ำตก ราชา 35g.,฿ 10–100 บาท/กก.
เครื่องปรุงรส,"ซุปเปอร์-ไฟน์ เกล็ดขนมปังขาว(ถุงน้ำเงิน) 1,000g.",฿ 55–550 บาท/กก.
เครื่องปรุงรส,"พระอาทิตย์ เกล็ดขนมปังส้ม(ถุงส้ม) 1,000g.",฿ 59–570 บาท/กก.
เครื่องปรุงรส,ผงหมักเนื้อ เบนลี่ 15g.,฿ 5–100 บาท/กก.
เครื่องปรุงรส,"ซอสมะเขือเทศ เซฟแพ็ค (ถุง) 1,000g.",฿ 32–348 บาท/กก.
เครื่องปรุงรส,"ซอสพริก เซฟแพ็ค (ถุง) 1,000g.",฿ 31–324 บาท/กก.
เครื่องปรุงรส,โอพี เนยเหลืองแซมซัน 1 kg.,"฿ 70–1,120 บาท/กก."
เครื่องปรุงรส,เนยเหลือง กัปตัน 1 kg.,฿ 70 บาท/กก.
เครื่องปรุงรส,โอพี เนยเหลืองแซมซัน 500g.,฿ 40 บาท/กก.
เครื่องปรุงรส,แป้งข้าวเหนียว ตราเหรียญ 500g.,฿ 25–375 บาท/กก.
น้ำจิ้ม,น้ำจิ้มสุกี้ ครัวนภัส รสเผ็ด280กรัม,฿ 20–850 บาท/กก.
เครื่องปรุงรส,"แป้งข้าวจ้าว ตราเหรียญ 1,000g.",฿ 35–285 บาท/กก.
น้ำจิ้ม,น้ำจิ้มลูกชิ้นตราจอมยุทธ์ 220 ml. (ขวด),฿ 20–360 บาท/กก.
เครื่องปรุงรส,น้ำตาลอ้อยธรรมชาติแดง มิตรผล 1kg.,฿ 30–750 บาท/กก.
น้ำจิ้ม,น้ำจิ้มคุณนิด สูตรดั้งเดิม 250g.,฿ 20–950 บาท/กก.
เครื่องปรุงรส,"ซอสหอยนางรม ราชารส 1,000 ml.",฿ 25–288 บาท/กก.
น้ำจิ้ม,น้ำจิ้มคุณนิด สูตรจัดจ้าน 250g.,฿ 20–950 บาท/กก.
เครื่องปรุงรส,น้ำปลาผสม ราชารส 700ml.,฿ 15–156 บาท/กก.
น้ำจิ้ม,น้ำจิ้มลูกชิ้นจอมยุทธ์ 250g. (ถุงเขียว),฿ 15–115 บาท/กก.
เครื่องปรุงรส,น้ำส้มสายชู 5% ฉลากฟ้า ราชารส 700ml.,฿ 15–156 บาท/กก.
น้ำจิ้ม,น้ำจิ้มลูกชิ้น แม่มาลี ถุง 700g.,฿ 25–250 บาท/กก.
เครื่องปรุงรส,พริกน้ำตาล ราชารส,฿ 25–250 บาท/กก.
น้ำจิ้ม,"น้ำจิ้มลูกชิ้น โอชา (ถุง) 1,000g.",฿ 35–300 บาท/กก.
เครื่องปรุงรส,พริกน้ำปลา ราชารส,฿ 25–230 บาท/กก.
น้ำจิ้ม,น้ำจิ้มไก่ แม่ประนอม 980 ml.,฿ 72 บาท/กก.
เครื่องปรุงรส,พริกน้ำส้ม ราชารส,฿ 25–230 บาท/กก.
เครื่องปรุงรส,ถั่วลิสง ไร่ทิพย์ 500g.,฿ 36–720 บาท/กก.
น้ำจิ้ม,น้ำจิ้มลูกชิ้น ตราฤทัยทิพ สูตรโบราณ 250g.,฿ 13–120 บาท/กก.
เครื่องปรุงรส,ถั่วทองเราะเปลือก ไร่ทิพย์ 500g.,฿ 35–650 บาท/กก.
น้ำจิ้ม,น้ำจิ้มสุกี้ ตราดงอู่ผึ้ง (รสเผ็ด) 280g.,฿ 20–748 บาท/กก.
เครื่องปรุงรส,งาดำ ไร่ทิพย์ 100g.,฿ 20–200 บาท/กก.
น้ำจิ้ม,น้ำจิ้มไก่ ไฮคิว 10g.,฿ 60–600 บาท/กก.
เครื่องปรุงรส,Yummy ผงปรุงรส รสต้มยำ 100g.,฿ 30 บาท/กก.
น้ำจิ้ม,"น้ำจิ้มลูกชิ้น จอมยุทธ์ แพ็ค1,000g. (ถุงเขียว)",฿ 35–398 บาท/กก.
เครื่องปรุงรส,เบสท์ โอเดอร์(ผงฟูซองเหลือง),฿ 8–108 บาท/กก.
น้ำจิ้ม,"น้ำจิ้มไก่สูตร จอมยุทธ 1,000g.",฿ 29–340 บาท/กก.
เครื่องปรุงรส,น้ำตาลปิ๊บมัดจุก ดอกบัวแดง 1 kg.,฿ 32–315 บาท/กก.
น้ำจิ้ม,น้ำยำแซ่บX2 220ซีซี.,฿ 20–79 บาท/กก.
เครื่องปรุงรส,ชาตรามือ ชาแดงซองเล็ก 190g.,฿ 37–865 บาท/กก.
น้ำจิ้ม,น้ำจิ้มเนื้อวัว ตราน้องพร 100 ml.,฿ 24–120 บาท/กก.
เครื่องปรุงรส,ชาตรามือ ชาเขียวนมซองเล็ก 200g.,฿ 75–865 บาท/กก.
น้ำจิ้ม,น้ำจิ้มไก่ แม่ประนอม 260ml.,฿ 30–720 บาท/กก.
เครื่องปรุงรส,"น้ำจิ้มไก่ตะหลิวทอง 1,000g.",฿ 29–336 บาท/กก.
เครื่องปรุงรส,มายองเนส ซีเล็ค-ไลท์ เฟรสโอ 860g.,฿ 52–510 บาท/กก.
เครื่องปรุงรส,มายองเนส ลิลลี่ 870g.,฿ 52–600 บาท/กก.
เครื่องปรุงรส,ซอสพริก เฟรชกรีน (ถุง) 800g.,฿ 30–290 บาท/กก.
เครื่องปรุงรส,ซอสมะเขือเทศ เฟรชกรีน (ถุง) 800g.,฿ 30–290 บาท/กก.
เครื่องปรุงรส,มายองเนส เฟรชกรีน 800g.,฿ 35–320 บาท/กก.
เครื่องปรุงรส,"ซอสหอยนางรม นกเพนกวิน 1,000g.",฿ 25–280 บาท/กก.
เครื่องปรุงรส,"น้ำกระเทียมดอง ภูเขาไฟ 1,000g.",฿ 10–120 บาท/กก.
เครื่องปรุงรส,ติ่งฟง กลิ่นสับปะรด 760ml.,฿ 83–996 บาท/กก.
เครื่องปรุงรส,ติ่งฟง กลิ่นน้ำแอปเปิ้ล 760ml.,฿ 83–996 บาท/กก.
เครื่องปรุงรส,ติ่งฟง กลิ่นลิ้นจี่ 760ml.,฿ 83–996 บาท/กก.
เครื่องปรุงรส,ติ่งฟง กลิ่นสตรอเบอรรี่ 760ml.,฿ 83–996 บาท/กก.
เครื่องปรุงรส,น้ำหวานเฮลซ์บลูบอย มะลิ 710ml.,฿ 67–768 บาท/กก.
เครื่องปรุงรส,ไส้ตันทอง น้ำปลาผสม 700ml.,฿ 15–168 บาท/กก.
เครื่องปรุงรส,ซอสปรุงรสฝาเขียว ปรุงรสไทย 600ml.,฿ 25–288 บาท/กก.
เครื่องปรุงรส,น้ำตาลกรวด หวานจัง 500g.,฿ 20–385 บาท/กก.
เครื่องปรุงรส,ผึ้ง น้ำมันปาล์ม(ถุงเติม) 1 L.,฿ 60–720 บาท/กก.
เครื่องปรุงรส,ผึ้ง น้ำมันปาล์ม(ขวด) 1 L.,฿ 55–660 บาท/กก.
เครื่องปรุงรส,ถุงหิ้วแก้ว ตรางาช้าง 4*14 ใส LL ถุงส้ม 200g.,฿ 25–250 บาท/กก.
เครื่องปรุงรส,อร่อยดี กะทิ100% 500ml.,"฿ 49–1,104 บาท/กก."
เครื่องปรุงรส,น้ำมะขามเปียกเข้มข้น ผลทอง 500ml.,฿ 29–610 บาท/กก.
เครื่องปรุงรส,น้ำมันหอย ตราครัวดี 1 L.,฿ 22–250 บาท/กก.
เครื่องปรุงรส,รินทิพย์ น้ำมันปาล์ม(ขวด) 1 L.,฿ 62–698 บาท/กก.
เครื่องปรุงรส,ผงชูรส อายิโน๊ะทะกะระ 12.5 kg.,"฿ 1,050 บาท/กก."
เครื่องปรุงรส,น้ำปลา ตราครัวดี 700ml.,฿ 16–180 บาท/กก.
เครื่องปรุงรส,น้ำส้มสายชู ตราครัวดี 700ml.,฿ 16–180 บาท/กก.
เครื่องปรุงรส,คนอร์ ซุปก้อนรสหมู 40g,฿ 10–120 บาท/กก.
เครื่องปรุงรส,"ซอสเคลือบไก่บาร์บีคิว เพียวฟูดส์ 1,000g.","฿ 125–1,230 บาท/กก."
เครื่องปรุงรส,"ซอสเคลือบไก่พริกเกาหลี เพียวฟูดส์ 1,000g.","฿ 125–1,230 บาท/กก."
เครื่องปรุงรส,"ซอสเคลือบไก่ฮอตแอนสไปซี่ เพียวฟูดส์ 1,000g.","฿ 125–1,230 บาท/กก."
เครื่องปรุงรส,"ซอสเคลือบไก่เผ็ดx2 เพียวฟูดส์ 1,000g.","฿ 129–1,250 บาท/กก."
เครื่องปรุงรส,น้ำสลัดโบราณ เพียวฟูดส์ 450g.,"฿ 75–1,500 บาท/กก."
เครื่องปรุงรส,สาคูเม็ดเล็ก ตราแมว 500g.,฿ 20–900 บาท/กก.
เครื่องปรุงรส,สาคูหยก ตราแมว 400g.,฿ 20–900 บาท/กก.
เครื่องปรุงรส,Maxปอเปี๊ยะ ผืนผ้า 11*22ซม. 500g.,฿ 75–865 บาท/กก.
เครื่องปรุงรส,Maxปอเปี๊ยะ เหลี่ยม 22ซม. 500g.,฿ 75–900 บาท/กก.
เครื่องปรุงรส,ผงวุ้นเพชร 25g.,฿ 36 บาท/กก.
เครื่องปรุงรส,สาหร่ายแห้ง 22g.,฿ 15–220 บาท/กก.
เครื่องปรุงรส,ติ่งฟง กลิ่นน้ำแตงโม 760ml.,฿ 74–900 บาท/กก.
เครื่องปรุงรส,โบนัส น้ำมันปาล์ม(ถุงเติม) 1 L.,฿ 52–624 บาท/กก.
เครื่องปรุงรส,ฉั่วอะเส็ง น้ำพริกเผาสูตรเบเกอรี่ แพ็ค 500g.,฿ 47–528 บาท/กก.
เครื่องปรุงรส,โอชา น้ำพริกเผา แพ็ค 500g.,฿ 25–920 บาท/กก.
เครื่องปรุงรส,ผงชูรส อายิโนะทะกะระ 1 kg.,"฿ 90–1,780 บาท/กก."
เครื่องปรุงรส,ผงชูรส อายิโนะทะกะระ 500g.,"฿ 48–1,840 บาท/กก."
เครื่องปรุงรส,น้ำจิ้มสุกี้ MK ต้นตำหรับ 350g.,฿ 65–780 บาท/กก.
เครื่องปรุงรส,มังกรบิน ชาเขียวนม 200g.,฿ 65–780 บาท/กก.
เครื่องปรุงรส,มังกรบิน ชาแดงผงกลิ่นวานิลา 450g.,฿ 65–780 บาท/กก.
เครื่องปรุงรส,มังกรบิน กาแฟ ฟ้า-ขาว 1 kg.,฿ 95–570 บาท/กก.
เครื่องปรุงรส,มังกรบิน กาแฟมังกรโบราณ สูตร2 400g.,฿ 39–935 บาท/กก.
เครื่องปรุงรส,มังกรบิน(คน) ชาเขียวนม 200g.,฿ 59–708 บาท/กก.
เครื่องปรุงรส,เม็ดไข่มุก ตราเพชร 7mm. สีดำ 1 kg.,฿ 37–666 บาท/กก.
เครื่องปรุงรส,ชาตรามือ ใบชาแดงอัสสัม 250g.,"฿ 99–1,188 บาท/กก."
เครื่องปรุงรส,"เกลือตราเพชร แพ็ค 1,000g.",฿ 10–120 บาท/กก.
เครื่องปรุงรส,ผงรสมะนาว ฟ้าไทย 70g.,฿ 25–708 บาท/กก.
เครื่องปรุงรส,ซอสเย็นตาโฟ นกขั้วโลก 800ml.,฿ 20–120 บาท/กก.
เครื่องปรุงรส,น้ำซุปหม่าล่าเข้มข้น ฟ้าไทย 150ml.,฿ 49–145 บาท/กก.
เครื่องปรุงรส,น้ำซุปชาบูเข้มข้น ฟ้าไทย 200ml.,฿ 39–115 บาท/กก.
เครื่องปรุงรส,รสดี รสต้มยำน้ำข้นรสดีเมนู 60g.,฿ 21–210 บาท/กก.
เครื่องปรุงรส,คนอร์ ซุปก้อนรสต้มยำ 72g,฿ 20–240 บาท/กก.
เครื่องปรุงรส,"โอชา น้ำพริกเผา แพ็ค 1,000g.",฿ 49–940 บาท/กก.
เครื่องปรุงรส,แม็กกี้ ซอสปรุงอาหารสูตรเข้มข้นเข้าเนื้อ 200ml.,฿ 20 บาท/กก.
เครื่องปรุงรส,ซอสมะเขือเทศ ไฮน์ 300g.,฿ 35 บาท/กก.
เครื่องปรุงรส,น้ำซุปแจ่วฮ้อนเข้มข้น ฟ้าไทย 170ml.,฿ 39–115 บาท/กก.
เครื่องปรุงรส,"น้ำตาลปึก บ้านตาลปึก 1,000g.",฿ 35–350 บาท/กก.
เครื่องปรุงรส,ซอสหอยนางรม ราชารส 4.5 L.,฿ 66–264 บาท/กก.
เครื่องปรุงรส,พริกไทยป่นแท้ ตราจันท์(แดง) 50g.,฿ 13–156 บาท/กก.
เครื่องปรุงรส,น้ำใบย่านาง ตรานาคาย่า 320 มล.,฿ 25 บาท/กก.
เครื่องปรุงรส,น้ำซุปกระดูกหมูเข้มข้น ฟ้าไทย 120ml.,฿ 49–145 บาท/กก.
เครื่องปรุงรส,น้ำซุปต้มยำน้ำข้นเข้มข้น ฟ้าไทย 120ml.,฿ 49–145 บาท/กก.
เครื่องปรุงรส,น้ำซุปก๋วยเตี๋ยวเรือหม้อไฟ ฟ้าไทย 120ml.,฿ 39–117 บาท/กก.
เครื่องปรุงรส,"กะทิทวีรส ตราทวีวงศ์ 1,000ml.",฿ 69–750 บาท/กก.
เครื่องปรุงรส,"น้ำจิ้มคุณนิด สูตรดั้งเดิม 1,000g.",฿ 70–840 บาท/กก.
เครื่องปรุงรส,ชากวางกล่อง-ชาแดง 500กรัม,฿ 75–900 บาท/กก.
เครื่องปรุงรส,ถั่วลิสง ซีก(อบเหลือง) ไร่ทิพย์ 500g.,฿ 45–900 บาท/กก.
เครื่องปรุงรส,"น้ำตาลมะพร้าว(ชนิดปึก) เสน่ห์อัมพวา 1,000g.",฿ 35–350 บาท/กก.
เครื่องปรุงรส,"น้ำตาลมะพร้าว(ชนิดขูด) เสน่ห์อัมพวา 1,000g.",฿ 38–380 บาท/กก.
เครื่องปรุงรส,น้ำตาลกรวด เสน่ห์อัมพวา 500g.,฿ 20–440 บาท/กก.
เครื่องปรุงรส,น้ำตาลปิ๊บ เสน่ห์อัมพวา 500g.,฿ 20–400 บาท/กก.
เครื่องปรุงรส,น้ำจิ้มลูกชิ้น ตราฤทัยทิพ สูตรโบราณ แพ็ค 1กก.,฿ 31–340 บาท/กก.
เครื่องปรุงรส,"น้ำจิ้มลูกชิ้นปิ่นทิพย์ สูตรมะขาม (ถุง)1,000g.",฿ 30–340 บาท/กก.
เครื่องปรุงรส,พริกป่น ไร่ทิพย์ 500g.,"฿ 80–1,600 บาท/กก."
เครื่องปรุงรส,ยำยำ(คัพ) รสสุกี้ทะเล 60g.,฿ 15–90 บาท/กก.
เครื่องปรุงรส,มาม่า โจ๊กคัพรสหมู 35g.,฿ 20–120 บาท/กก.
เครื่องปรุงรส,"น้ำจิ้มคุณนิด สูตรจัดจ้าน 1,000g.",฿ 70–840 บาท/กก.
เครื่องปรุงรส,ติ่งฟง กลิ่นโยเกิร์ต 760ml.,"฿ 105–1,236 บาท/กก."
เครื่องปรุงรส,พริกผัดน้ำมันหอมเจียว ตรากิโลทอง 180g,฿ 29–696 บาท/กก.
เครื่องปรุงรส,น้ำมันงาใต้เชียง ตรากิโลทอง 100g.,฿ 35–420 บาท/กก.
เครื่องปรุงรส,อร่อยดี กะทิ100% 150ml.,฿ 22–132 บาท/กก.
เครื่องปรุงรส,สุธารส ซอสหม่าล่า 100g,"฿ 45–1,620 บาท/กก."
เครื่องปรุงรส,สุธารส ผงปรุงรส พริกหม่าล่า 200g,฿ 75–900 บาท/กก.
เครื่องปรุงรส,น้ำมะขามเปียก ปรุงรสไทย 710g.,฿ 29–348 บาท/กก.
เครื่องปรุงรส,น้ำมันหอย ตราครัวดี 4.5 L,฿ 60–240 บาท/กก.
เครื่องปรุงรส,ผงชูรส อายิโนะทะกะระ 80g.,"฿ 11–1,500 บาท/กก."
เครื่องปรุงรส,ผงชูรส อายิโนะทะกะระ 250g. (80ซอง/ลัง).,"฿ 26–2,000 บาท/กก."
เครื่องปรุงรส,น้ำมะนาว ตราครัวดี 700ml.,฿ 26–420 บาท/กก.
เครื่องปรุงรส,"แม็กกี้ ผงปรุงอาหารสูตรเชฟซีเคร็ท 1,000g.","฿ 199–1,195 บาท/กก."
เครื่องปรุงรส,"แม็กกี้ ซอสหอยนางรม 1,000g.",฿ 50–600 บาท/กก.
เครื่องปรุงรส,UFM แป้งว่าว 1 kg.,฿ 37–370 บาท/กก.
เครื่องปรุงรส,กระเทียมเจียว ตองเคจ์ 500g.,"฿ 50–2,000 บาท/กก."
เครื่องปรุงรส,น้ำส้มสายชู 5% ตราราชารส 4.5 L.,฿ 50–200 บาท/กก.
เครื่องปรุงรส,ติ่งฟง ผงแคนตาลูป 150g.,฿ 50–600 บาท/กก.
เครื่องปรุงรส,ติ่งฟง ผงชาเขียวญี่ปุ่น 150g.,฿ 50–600 บาท/กก.
เครื่องปรุงรส,ติ่งฟง ผงเผือก 150g.,฿ 50–600 บาท/กก.
เครื่องปรุงรส,พริกเผา ฉั่วฮะเส็ง 450g,฿ 60–720 บาท/กก.
เครื่องปรุงรส,พริกเผา ฉั่วฮะเส็ง 900g,"฿ 108–1,295 บาท/กก."
เครื่องปรุงรส,กระเทียมเจียว กิโลทอง 500g.,฿ 45–435 บาท/กก.
เครื่องปรุงรส,พริกไทยเม็ดขาว ไร่ทิพย์ 100g.,฿ 60 บาท/กก.
เครื่องปรุงรส,พริกไทยเม็ดดำ ไร่ทิพย์ 100g.,฿ 38–380 บาท/กก.
เครื่องปรุงรส,ก๋วยเตี๋ยวแห้ง ตราล้อมวง 120g,฿ 35–420 บาท/กก.
เครื่องปรุงรส,น้ำซุปแจ่วฮ้อน รสดั้งเดิม ตราล้อมวง,฿ 65–780 บาท/กก.
เครื่องปรุงรส,น้ำซุปแจ่วฮ้อน รสขม ตราล้อมวง,฿ 65–780 บาท/กก.
เครื่องปรุงรส,น้ำกระเทียมดอง แม่เภา 220ml.,฿ 10–240 บาท/กก.
เครื่องปรุงรส,แม่เภา น้ำปลาร้า 430 ml.,฿ 25–300 บาท/กก.
เครื่องปรุงรส,คนอร์ ซุปก้อนรสหมู 120g,฿ 29–174 บาท/กก.
เครื่องปรุงรส,คนอร์ แป้งข้าวโพด 200g.,฿ 33–792 บาท/กก.
เครื่องปรุงรส,คนอร์ แป้งข้าวโพด 700g.,฿ 70–840 บาท/กก.
เครื่องปรุงรส,คนอร์ แป้งทอดกรอบ 120g.,฿ 18–216 บาท/กก.
เครื่องปรุงรส,พริกป่น ไร่ผลทอง แพ็ค 500g,฿ 70–700 บาท/กก.
เครื่องปรุงรส,น้ำมะขามเปียก คูุ่แฝด 200g.,฿ 15–180 บาท/กก.
เครื่องปรุงรส,อังเคิลบาร์นส์ แป้งทอดกรอบ แพ็ค 1 kg.,฿ 15–40 บาท/กก.
เครื่องปรุงรส,เบสท์ โอเดอร์ เบคกิ้งโซดา(โซดากิน) แพ็ค 500g. (12ถุง/กล่อง,฿ 36–432 บาท/กก.
เครื่องปรุงรส,โรซ่าซอสมะเขือเทศ 10 g.,฿ 65 บาท/กก.
เครื่องปรุงรส,โรซ่าซอสพริก 10 g.,฿ 67–513 บาท/กก.
เครื่องปรุงรส,น้ำมะขามเปียกเข้มข้น ตราแม่เภา 400 ml.,฿ 30–360 บาท/กก.
เครื่องปรุงรส,แป้งทอดกรอบ ตราสิงห์ดาว 1000 g.,฿ 30–600 บาท/กก.
เครื่องปรุงรส,สาหร่ายแห้งปรุงรส ตรา สามบัว 20 g.,฿ 15–300 บาท/กก.
เครื่องปรุงรส,มรกต น้ำมันปาล์ม(ขวด) 1 L.,฿ 52–624 บาท/กก.
เครื่องปรุงรส,แม็กกี้ ซอสเหยาะจิ้ม 200ml.,฿ 35–200 บาท/กก.
เครื่องปรุงรส,ทิพรส น้ำปลาแท้ 300 ml.,฿ 20–400 บาท/กก.
เครื่องปรุงรส,รสดี ผงปรุงรสรสหมู 70g.,฿ 13–120 บาท/กก.
เครื่องปรุงรส,รสดี ผงปรุงรสรสหมู 165g.,฿ 27–300 บาท/กก.
เครื่องปรุงรส,หยก น้ำมันปาล์ม(ขวด) 1 L.,฿ 62–740 บาท/กก.
เครื่องปรุงรส,ทับทิม น้ำมันปาล์ม(ขวด) 1 L.,฿ 52–624 บาท/กก.
เครื่องปรุงรส,Mozzarella cheese แพ็ค1000กรัม,"฿ 299–3,540 บาท/กก."
เครื่องปรุงรส,วาซาบิ ซาเซต 2.5 g.,฿ 5–79 บาท/กก.
เครื่องปรุงรส,Yummy ผงปรุงรส รสฮอท&สไปซี่ 100g.,฿ 30–79 บาท/กก.
เครื่องปรุงรส,Yummy ผงปรุงรส รสชีส 100g.,"฿ 30–1,000 บาท/กก."
เครื่องปรุงรส,Yummy ผงปรุงรส รสโนริสาหร่าย 100g.,฿ 30–79 บาท/กก.
เครื่องปรุงรส,Yummy ผงปรุงรส รสวิงซ์แซ่บ 100g.,฿ 30–79 บาท/กก.
เครื่องปรุงรส,Yummy ผงปรุงรส รสบาร์บีคิว 100g.,฿ 30 บาท/กก.
เครื่องปรุงรส,Yummy ผงปรุงรส รสชีส 25g.,฿ 20–130 บาท/กก.
เครื่องปรุงรส,ซอสทะเขือเทศ โรซ่า (ขวด) 200g.,฿ 20–100 บาท/กก.
เครื่องปรุงรส,ซอสหอยนางรม แม่ครัว 150 ml.,฿ 25–95 บาท/กก.
เครื่องปรุงรส,รสดี เครื่องพะโล้รสดีเมนู 60g.,฿ 17–170 บาท/กก.
เครื่องปรุงรส,คนอร์ โจ๊กคัพรสหมู 32g.,฿ 20–115 บาท/กก.
เครื่องปรุงรส,รสดี หมักย่างรสดีเมนู 60g.,฿ 17–170 บาท/กก.
เครื่องปรุงรส,รสดี ผงปรุงรสรสหมู 400g. (5ซอง/แพ็ค),"฿ 63–1,260 บาท/กก."
เครื่องปรุงรส,กะปิตราเรือใบฝาเหลือง 110g,฿ 18–216 บาท/กก.
เครื่องปรุงรส,แม็กกี้ ซอสเหยาะจิ้ม 100ml.,฿ 23–552 บาท/กก.
เครื่องปรุงรส,รสดี น้ำยำรสดีเมนู 40g.,฿ 17–170 บาท/กก.
เครื่องปรุงรส,คาร์เนชันเอ็กซ์ตร้า สูตรเข้มข้น 369ml.,"฿ 25–1,090 บาท/กก."
เครื่องปรุงรส,ซอสพริก โรซ่า (ขวดบีบ) 250g,฿ 32–768 บาท/กก.
เครื่องปรุงรส,แซ่บไมค์ น้ำปลาร้าปรุงสุก 330 ml.,฿ 35–760 บาท/กก.
เครื่องปรุงรส,ซอสพริก โรซ่า (ขวด) 200g.,฿ 20 บาท/กก.
เครื่องปรุงรส,เมกาเซฟ น้ำปลาแท้ 200ml.,฿ 25–300 บาท/กก.
เครื่องปรุงรส,พริกไทยเม็ด(ดำ),฿ 5–65 บาท/กก.
เครื่องปรุงรส,"น้ำมะนาว ฟ้าไทย 1,000ml.",฿ 25–276 บาท/กก.
เครื่องปรุงรส,กระทิผงสำเร็จรูป 60 กรัม,฿ 17 บาท/กก.
เครื่องปรุงรส,Yummy ผงปรุงรส รสข้าวโพด 100g.,฿ 30 บาท/กก.
เครื่องปรุงรส,Yummy ผงปรุงรส รสพิซซ่า 100g.,฿ 30 บาท/กก.
เครื่องปรุงรส,Yummy ผงปรุงรส รสแซ่บจี๊ด 100g.,฿ 30 บาท/กก.
เครื่องปรุงรส,Yummy ผงปรุงรส รสวาซาบิ 500g.,฿ 99 บาท/กก.
เครื่องปรุงรส,Yummy ผงปรุงรส รสกลิ่นซอสโคชูจัง 500g.,฿ 99 บาท/กก.
เบเกอรี่,เม็ดไข่มุก ตราผึ้ง สีดำ 1 kg.,฿ 37–666 บาท/กก.
เบเกอรี่,ครีมเทียมดรีมมี่ฟ้า 1 kg.,฿ 78–912 บาท/กก.
เบเกอรี่,นมสดกูีดวิล Good will กล่อง,฿ 50–600 บาท/กก.
เบเกอรี่,นมข้นกู๊ดวิล Good willถุง2กก.,฿ 102–816 บาท/กก.
เบเกอรี่,นมสดทีพอท Extra พร่องไขมัน(จืด) 1 L.,฿ 57–684 บาท/กก.
เบเกอรี่,ครีมเทียมข้นหวานคาร์เนชั่น 2 kg.,฿ 119–952 บาท/กก.
เบเกอรี่,ครีมเทียมข้นหวานทีพอท 2 kg.,฿ 115–920 บาท/กก.
เบเกอรี่,ครีมเทียมมิสเตอร์เซฟ 1 kg.,"฿ 72–1,420 บาท/กก."
เบเกอรี่,นมสดคาร์ชั่น สูตรไข่เจียว 405g.,"฿ 29–1,392 บาท/กก."
เบเกอรี่,โกโก้ดรีมมี่,฿ 72 บาท/กก.
เบเกอรี่,ครีมเทียมข้นหวานทีพอทกระป๋อง 380g.,"฿ 29–1,296 บาท/กก."
เบเกอรี่,PFS วิปปิ้งครีมหวานดริมมี่ 500g.,฿ 149 บาท/กก.
เบเกอรี่,สตรอเบอรี่แช่แข็ง 1 kg.,฿ 79–790 บาท/กก.
เบเกอรี่,IMPERIAL บัตเตอร์เบลนด์(จืด) 200g,"฿ 85–2,550 บาท/กก."
เบเกอรี่,"อลาวรี่ "" เนยแท้ชนิดเค็ม 8g.",฿ 79–948 บาท/กก.
เบเกอรี่,DAIRYGOLD เซดด้าชีสแผ่น 12 สไลซ์ 216g,฿ 79–948 บาท/กก.
เบเกอรี่,IMPERIAL เซดด้าชีส 6 สไลซ์ 125g,"฿ 75–1,800 บาท/กก."
เบเกอรี่,"อลาวรี่ "" เซดด้าชีส 6 สไลซ์ 125g",฿ 79–948 บาท/กก.
เบเกอรี่,DAIRYGOLD มอสซาเรลล่าแผ่น 2sl 34g,฿ 25–500 บาท/กก.
เบเกอรี่,แม็กกาแรด เบกิ้งโซดา 300g.,฿ 39–468 บาท/กก.
เบเกอรี่,แม็กกาแรด เจลาติน 100g.,฿ 80–960 บาท/กก.
เบเกอรี่,นมสดคาร์เนชั่น เอ็กตร้า กล่อง 1 L.,฿ 70–840 บาท/กก.
เบเกอรี่,เม็ดไข่มุก ตราเพชร 9mm. สีดำ 1 kg.,฿ 35–616 บาท/กก.
เบเกอรี่,กุหลาบฟู้ดส์ วุ้นขาวใหญ่ รสน้ำเชื่อม 14mm. (15แพ็ค/ลัง แถม 1,"฿ 85–1,275 บาท/กก."
เบเกอรี่,นมสดนกเหยี่ยว Extra (กล่อง) 1 L.,฿ 55–660 บาท/กก.
เบเกอรี่,Mozzarella cheese แพ็ค1000กรัม,"฿ 320–1,890 บาท/กก."
ไอศครีม,สตรอเบอรี่ สเวิร์ล75ml,฿ 10–20 บาท/กก.
ไอศครีม,ฮอกไกโดมิลด์ แอนชิพ 75ml,฿ 10–20 บาท/กก.
ไอศครีม,เบอร์รี่ ไบรท์ ทวินส์,฿ 7–65 บาท/กก.
ไอศครีม,ริสแคกเกอร์,฿ 3–5 บาท/กก.
ขนม ลูกอม,สแน็คแจ๊ค รสดั้งเดิม,฿ 5 บาท/กก.
ไข่ไก่,ไข่ไก่ เบทาโกร เบอร์ #0,฿ 140 บาท/กก.
เครื่องเทศ,พริกขี้หนูสวนป่น ไร่ทิพย์ 100g.,฿ 25 บาท/กก.
เครื่องเทศ,พริกไทยเม็ดดำ ไร่ทิพย์ 12g.,฿ 10–200 บาท/กก.
เครื่องเทศ,พริกไทยเม็ดขาว ไร่ทิพย์ 12g.,฿ 15–300 บาท/กก.
เครื่องเทศ,เห็ดหอมแห้ง 100g,฿ 10–120 บาท/กก.
เครื่องเทศ,พริกไทยขาวป่น ตราจันท์ 50g.,฿ 20–240 บาท/กก.
เครื่องเทศ,กระเทียมเจียว ไร่ทิพย์ 500g.,฿ 118 บาท/กก.
เครื่องเทศ,พริกไทยป่นแท้ ตรามด 30g.,฿ 25–276 บาท/กก.
เครื่องเทศ,หอมเจียว ไร่ทิพย์ แพ็ค 500g.,"฿ 130–1,220 บาท/กก."
เครื่องเทศ,หอมเจียว ไร่ทิพย์ 100g.,฿ 30–280 บาท/กก.
เครื่องเทศ,กระเทียมเจียว ถุงใส 500g.,฿ 50–500 บาท/กก.
เครื่องเทศ,ถั่วลิสงป่น(ถุงเขียว) ไร่ทิพย์ 500g.,฿ 40–780 บาท/กก.
เครื่องเทศ,งาขาว ไร่ทิพย์ 500g.,"฿ 65–1,200 บาท/กก."
เครื่องเทศ,งาขาว ไร่ทิพย์ 100g.,฿ 20–180 บาท/กก.
เครื่องเทศ,พริกไทยเม็ดขาว พรพิชิต,฿ 5–100 บาท/กก.
เครื่องเทศ,พริกไทยเม็ดดำ พรพิชิต,฿ 5–100 บาท/กก.
เครื่องเทศ,เครื่องพะโล้ขาหมู ราชา 35g.,฿ 10–100 บาท/กก.
เครื่องเทศ,ถั่วเขียว ไร่ทิพย์ 500g.,฿ 30–600 บาท/กก.
เครื่องเทศ,ถั่วลิสงป่น(ถุงฟ้า) ไร่ทิพย์ 500g.,฿ 40 บาท/กก.
เครื่องเทศ,พริกแกงเผ็ด 500g.,฿ 28–540 บาท/กก.
เครื่องเทศ,มะขามเปียก,฿ 8–350 บาท/กก.
เครื่องเทศ,พริกป่น 2A เทียมประเสริฐ 500g.,"฿ 50–1,000 บาท/กก."
เครื่องเทศ,กระเทียมเจียว ถุงใส แพ็ค 100g.,฿ 10–500 บาท/กก.
